date,description,ALL000008,ALL000013,ALL000029,ALL000183,ALL000014,ALL000034,ALL000016,ALL000001,ALL000010,ALL000035,ALL000005,ALL000179,ALL000030,ALL000186,ALL000101,ALL000144,ALL000002,ALL000021,ALL000028,ALL000025,ALL000022,ALL000165,ALL000015,ALL000019,ALL000032,ALL000011,ALL000024,ALL000026,ALL000174,ALL000033,ALL000169,ALL000023,ALL000006,ALL000027
2017-02-14 05:00:00,"Human Resources Dept., child abuse and neglect, mandatory reporting requirements, military status of parent or guardian to be determined, notification to United States Department of Defense family advocacy program, required, Sec. 26-14-3 am'd.",Y,Y,Y,Y,NV,NV,Y,Y,NV,Y,Y,Y,Y,NV,Y,Y,NV,Y,Y,Y,Y,Y,Y,Y,NV,Y,Y,NV,Y,NV,Y,Y,NV,Y
2017-04-18 04:00:00,"Elections, primary runoff elections, voter prohibited from switching parties between primary elections",Y,N,NV,Y,Y,Y,Y,Y,Y,Y,Y,Y,N,Y,Y,Y,N,Y,N,N,Y,Y,Y,Y,Y,N,N,N,Y,Y,Y,Y,Y,Y
2017-04-18 04:00:00,"Elections, primary runoff elections, voter prohibited from switching parties between primary elections",Y,N,NV,Y,Y,Y,Y,Y,Y,Y,Y,Y,NV,Y,Y,Y,N,Y,N,N,Y,Y,Y,Y,Y,N,N,Y,Y,Y,Y,Y,Y,NV
2017-04-18 04:00:00,"Elections, primary runoff elections, voter prohibited from switching parties between primary elections",Y,N,NV,Y,Y,Y,Y,Y,Y,Y,Y,Y,NV,Y,Y,Y,N,NV,N,N,NV,Y,Y,Y,Y,N,NV,NV,Y,Y,Y,Y,Y,Y
2017-04-18 04:00:00,"Elections, primary runoff elections, voter prohibited from switching parties between primary elections",Y,N,NV,Y,Y,Y,Y,Y,Y,Y,Y,Y,N,Y,Y,Y,N,Y,N,N,Y,Y,Y,Y,Y,N,N,N,Y,Y,Y,Y,Y,Y
2017-02-16 05:00:00,"Nondriver ID cards, parolees, Commissioner of Dept. of Corrections and Secretary of the ALEA, authority to establish program to issue nondriver ID to resident parolees upon release",NV,Y,Y,Y,NV,Y,Y,Y,Y,Y,NV,Y,Y,Y,Y,NV,Y,NV,NV,Y,Y,Y,Y,Y,Y,Y,Y,NV,Y,Y,NV,Y,Y,Y
2017-02-16 05:00:00,"Nondriver ID cards, parolees, Commissioner of Dept. of Corrections and Secretary of the ALEA, authority to establish program to issue nondriver ID to resident parolees upon release",Y,Y,Y,NV,NV,Y,Y,Y,Y,Y,Y,Y,NV,Y,Y,Y,NV,NV,NV,Y,NV,Y,Y,Y,Y,Y,Y,NV,NV,Y,Y,Y,Y,Y
2017-04-11 04:00:00,"National Guard, including national guard members from other states, rights to reemployment, Sec. 31-12-2 am'd.",Y,NV,NV,Y,Y,Y,Y,Y,Y,Y,NV,Y,Y,Y,Y,Y,Y,Y,Y,Y,Y,Y,Y,Y,Y,NV,Y,Y,Y,Y,Y,Y,Y,Y
2017-04-11 04:00:00,"National Guard, including national guard members from other states, rights to reemployment, Sec. 31-12-2 am'd.",Y,NV,NV,Y,Y,Y,Y,Y,Y,Y,NV,Y,Y,Y,Y,Y,Y,Y,Y,Y,Y,Y,Y,Y,Y,NV,Y,Y,Y,Y,Y,Y,Y,Y
2017-03-16 04:00:00,"Information technology, Information Services Division and State Business Systems Division, transfer from Dept. of Finance to the Office of Information Technology, Secs. 41-28-1, 41-28-2, 41-28-3 am'd.",Y,Y,Y,NV,Y,Y,Y,Y,NV,Y,NV,Y,Y,Y,Y,Y,NV,Y,Y,NV,Y,Y,Y,Y,Y,Y,NV,Y,NV,Y,Y,Y,Y,Y
2017-04-25 04:00:00,"Information technology, Information Services Division and State Business Systems Division, transfer from Dept. of Finance to the Office of Information Technology, Secs. 41-28-1, 41-28-2, 41-28-3 am'd.",Y,Y,NV,Y,NV,Y,Y,Y,Y,Y,Y,Y,Y,Y,Y,Y,Y,Y,NV,Y,Y,Y,Y,Y,Y,Y,Y,Y,Y,Y,Y,Y,NV,Y
2017-05-02 04:00:00,"Information technology, Information Services Division and State Business Systems Division, transfer from Dept. of Finance to the Office of Information Technology, Secs. 41-28-1, 41-28-2, 41-28-3 am'd.",Y,Y,NV,Y,Y,Y,Y,Y,Y,Y,Y,Y,Y,NV,Y,Y,Y,NV,Y,Y,NV,Y,Y,Y,Y,NV,Y,NV,Y,Y,NV,Y,NV,Y
2017-03-16 04:00:00,"Information technology, Information Services Division and State Business Systems Division, transfer from Dept. of Finance to the Office of Information Technology, Secs. 41-28-1, 41-28-2, 41-28-3 am'd.",Y,Y,Y,NV,Y,Y,Y,Y,NV,Y,NV,Y,Y,Y,Y,Y,NV,Y,Y,NV,Y,Y,Y,Y,Y,Y,NV,Y,NV,Y,Y,Y,Y,Y
2017-03-16 04:00:00,"Information technology, Information Services Division and State Business Systems Division, transfer from Dept. of Finance to the Office of Information Technology, Secs. 41-28-1, 41-28-2, 41-28-3 am'd.",Y,Y,Y,Y,Y,Y,Y,Y,Y,Y,Y,Y,Y,Y,Y,Y,Y,Y,Y,N,Y,Y,Y,Y,Y,Y,NV,Y,Y,Y,Y,Y,Y,Y
2017-03-09 05:00:00,"Military justice, conforming the Alabama Code of Military Justice to the federal Uniform Code of Military Justice, Secs. 31-2A-2, 31-2A-5, 31-2A-17, 31-2A-26, 31-2A-32, 31-2A-46, 31-2A-47, 31-2A-52 am'd.",Y,NV,Y,Y,NV,NV,Y,Y,Y,NV,NV,Y,Y,Y,Y,NV,Y,Y,Y,NV,NV,NV,NV,Y,Y,NV,Y,Y,NV,Y,NV,Y,NV,Y
2017-04-11 04:00:00,"Military, military installations, Military Stability Fund established, funds to be expended upon submission and acceptance of necessary project plans, matching of local funds required, Alabama Job Creation and Military Stability Commission to award funds",Y,Y,NV,Y,Y,Y,Y,Y,Y,Y,NV,Y,Y,Y,Y,Y,Y,Y,Y,Y,Y,Y,Y,Y,Y,NV,Y,Y,Y,Y,Y,Y,Y,Y
2017-04-11 04:00:00,"Schools, allowing access of military recruiters and Dept. of Homeland Security to public schools, Sec. 16-1-25 am'd.",Y,Y,NV,Y,Y,Y,Y,Y,Y,Y,NV,Y,Y,Y,Y,Y,Y,Y,Y,Y,Y,Y,Y,Y,Y,NV,Y,Y,Y,Y,Y,Y,Y,Y
2017-03-16 04:00:00,"Industrial Access Fund, expanded to include certain military property and non-industrial sites, Sec. 23-6-1 am'd.",Y,Y,Y,NV,Y,Y,Y,Y,NV,NV,Y,Y,Y,Y,Y,Y,Y,Y,Y,Y,NV,Y,Y,Y,Y,NV,NV,Y,Y,NV,Y,Y,Y,Y
2017-03-16 04:00:00,"Industrial Access Fund, expanded to include certain military property and non-industrial sites, Sec. 23-6-1 am'd.",Y,Y,Y,Y,Y,Y,Y,Y,NV,NV,Y,Y,Y,Y,Y,Y,Y,Y,Y,Y,NV,Y,Y,Y,Y,NV,NV,Y,Y,NV,Y,Y,Y,Y
2017-03-16 04:00:00,"Circuit clerk, authorized to use proceeds from Circuit Clerk's Judicial Administration Fund for merit and promotion raises, Sec. 12-19-310 am'd.",Y,Y,Y,NV,Y,Y,Y,Y,NV,NV,Y,Y,Y,Y,Y,Y,Y,Y,Y,Y,NV,Y,Y,Y,NV,NV,NV,Y,Y,NV,Y,Y,Y,Y
2017-04-11 04:00:00,"Military, military support, Alabama Job Creation and Military Stability Commission created",Y,Y,NV,Y,Y,Y,Y,Y,Y,Y,NV,Y,Y,Y,Y,Y,Y,Y,Y,Y,Y,Y,Y,Y,Y,NV,NV,Y,Y,Y,Y,Y,Y,Y
2017-04-27 04:00:00,"Class 1 municipality (B'ham), city council, salary",Y,NV,NV,NV,NV,Y,NV,Y,Y,NV,Y,Y,N,Y,Y,NV,NV,Y,N,N,NV,Y,Y,Y,Y,Y,N,NV,Y,Y,Y,Y,NV,Y
2017-05-02 04:00:00,"Home Builders Licensure Board, authorized to collect hearing costs, increase fines for violations, and revoke certain licenses, Secs. 34-14A-1 to 34-14A-8, inclusive, 34-14A-14, 34-14A-15 am'd.",Y,Y,NV,Y,Y,NV,Y,Y,Y,Y,Y,Y,Y,N,Y,Y,Y,Y,Y,Y,N,N,Y,Y,Y,Y,Y,Y,Y,NV,NV,Y,NV,Y
2017-05-02 04:00:00,"Home Builders Licensure Board, authorized to collect hearing costs, increase fines for violations, and revoke certain licenses, Secs. 34-14A-1 to 34-14A-8, inclusive, 34-14A-14, 34-14A-15 am'd.",Y,N,NV,Y,NV,Y,N,Y,Y,Y,Y,Y,N,Y,N,Y,N,Y,N,N,Y,NV,Y,Y,Y,NV,N,Y,Y,Y,Y,Y,Y,Y
2017-04-25 04:00:00,"Elderly, Elder Abuse Protection Orders, authorized, elder abuse defined, Sec. 15-10-3 am'd.",Y,Y,NV,Y,NV,Y,Y,Y,Y,Y,Y,Y,Y,Y,Y,Y,Y,Y,NV,Y,Y,Y,Y,Y,NV,Y,Y,Y,NV,Y,Y,Y,NV,Y
2017-03-16 04:00:00,"Tuskegee University, appropriation",Y,Y,NV,Y,Y,Y,Y,Y,Y,NV,NV,Y,Y,Y,Y,NV,Y,Y,Y,Y,NV,Y,Y,Y,Y,Y,NV,Y,Y,NV,Y,Y,NV,Y
2017-03-16 04:00:00,"Talladega College, appropriation",Y,Y,NV,Y,Y,Y,Y,Y,Y,NV,NV,Y,Y,Y,Y,NV,Y,Y,Y,Y,NV,Y,Y,Y,Y,Y,NV,Y,Y,NV,Y,Y,Y,Y
2017-03-16 04:00:00,"Lyman Ward Military Academy, appropriation",Y,Y,NV,Y,Y,Y,Y,Y,Y,NV,NV,Y,Y,Y,Y,NV,Y,Y,Y,Y,NV,Y,Y,Y,Y,Y,NV,Y,Y,NV,Y,Y,NV,Y
2017-05-04 04:00:00,"Lyman Ward Military Academy, appropriation",Y,Y,NV,NV,Y,Y,NV,Y,Y,Y,Y,Y,Y,Y,Y,Y,Y,Y,Y,NV,Y,Y,Y,Y,Y,NV,Y,NV,Y,NV,NV,Y,NV,Y
2017-04-11 04:00:00,"Agriculture authority, counties authorized to establish, duties and powers, provided of authority",Y,Y,NV,Y,Y,Y,Y,Y,Y,Y,NV,Y,Y,Y,Y,Y,Y,Y,Y,Y,Y,Y,Y,Y,Y,NV,Y,Y,Y,Y,Y,Y,Y,Y
2017-04-11 04:00:00,"Agriculture authority, counties authorized to establish, duties and powers, provided of authority",Y,Y,NV,Y,Y,Y,Y,Y,Y,Y,NV,Y,Y,Y,Y,Y,Y,Y,Y,Y,Y,Y,Y,Y,Y,NV,Y,Y,Y,Y,Y,Y,Y,Y
2017-04-11 04:00:00,"Agriculture authority, counties authorized to establish, duties and powers, provided of authority",Y,Y,NV,Y,Y,Y,Y,Y,Y,Y,NV,Y,Y,Y,Y,Y,Y,Y,Y,Y,Y,Y,Y,Y,Y,NV,Y,Y,Y,Y,Y,Y,Y,Y
2017-04-11 04:00:00,"Agriculture authority, counties authorized to establish, duties and powers, provided of authority",Y,Y,NV,Y,Y,Y,Y,Y,Y,Y,NV,Y,Y,Y,Y,Y,Y,Y,Y,Y,Y,Y,Y,Y,Y,NV,Y,Y,Y,Y,Y,Y,Y,Y
2017-05-04 04:00:00,"Agriculture authority, counties authorized to establish, duties and powers, provided of authority",Y,Y,Y,Y,Y,Y,NV,Y,Y,Y,NV,Y,Y,Y,Y,Y,NV,Y,Y,NV,Y,Y,Y,Y,Y,NV,Y,Y,Y,Y,Y,Y,NV,NV
2017-04-27 04:00:00,"Hale Co., alcoholic beverages, Sunday sales authorized",Y,Y,NV,NV,NV,Y,NV,NV,Y,NV,Y,Y,Y,Y,Y,NV,Y,Y,Y,Y,NV,Y,Y,Y,Y,Y,NV,NV,Y,Y,Y,Y,NV,Y
2017-04-27 04:00:00,"St. Clair Co., Davis Lake Volunteer Fire Dept., organization as a fire district, levy of fee on each residence",Y,Y,NV,Y,NV,Y,NV,Y,Y,NV,Y,Y,NV,Y,Y,NV,Y,Y,Y,Y,NV,Y,Y,Y,Y,Y,Y,NV,Y,Y,Y,NV,NV,Y
2017-04-27 04:00:00,"Jefferson Co., General Retirement System for Employees, members, retirement system employees eligible, part-time employees, optional membership, Secs. 45-37-123.01, 45-37-123.50 am'd.",Y,Y,NV,NV,NV,Y,NV,Y,Y,NV,Y,Y,Y,Y,Y,NV,Y,Y,Y,Y,NV,Y,Y,Y,Y,Y,NV,NV,Y,Y,Y,Y,NV,Y
2017-04-27 04:00:00,"Jefferson Co., Birmingham-Jefferson Civic Center Authority, boundaries of authority to operate civic center, altered, Sec. 45-37-90.05 am'd.",Y,Y,NV,NV,NV,Y,NV,Y,Y,NV,Y,Y,Y,Y,Y,NV,Y,Y,Y,Y,NV,Y,Y,Y,Y,Y,NV,NV,Y,Y,Y,Y,NV,Y
2017-04-27 04:00:00,"Tallapoosa Fire District, fire protection service fees, levy, expenditure for fire protection and local volunteer fire dept., referendum in City of Tallapoosa fire district",Y,Y,NV,NV,NV,Y,NV,NV,Y,NV,Y,Y,Y,Y,Y,NV,Y,Y,Y,Y,NV,Y,Y,Y,Y,Y,NV,NV,Y,Y,Y,Y,NV,Y
2017-05-04 04:00:00,"Springville, corp. limits, alt.",Y,Y,NV,NV,Y,Y,NV,Y,Y,Y,Y,NV,Y,NV,Y,NV,NV,Y,Y,NV,Y,Y,Y,Y,Y,NV,Y,NV,Y,NV,NV,Y,NV,Y
2017-05-04 04:00:00,"Senate, districts redrawn, Sec. 29-1-2.3 repealed; Sec. 29-1-2.3 added",N,Y,Y,N,N,N,N,N,N,N,N,N,Y,N,N,N,Y,N,Y,Y,N,N,N,NV,N,Y,Y,N,N,N,N,N,N,NV
2017-05-04 04:00:00,"Senate, districts redrawn, Sec. 29-1-2.3 repealed; Sec. 29-1-2.3 added",Y,N,N,Y,Y,NV,Y,Y,Y,Y,Y,Y,N,Y,Y,Y,N,Y,N,N,Y,Y,Y,Y,Y,N,N,Y,Y,Y,Y,Y,NV,NV
2017-05-04 04:00:00,"Senate, districts redrawn, Sec. 29-1-2.3 repealed; Sec. 29-1-2.3 added",Y,N,N,Y,Y,Y,Y,Y,Y,Y,Y,Y,N,Y,Y,Y,N,Y,N,N,Y,Y,Y,Y,Y,NV,N,Y,Y,Y,Y,Y,Y,NV
2017-05-04 04:00:00,"Senate, districts redrawn, Sec. 29-1-2.3 repealed; Sec. 29-1-2.3 added",Y,N,NV,Y,NV,Y,NV,Y,Y,Y,Y,Y,N,Y,Y,Y,N,NV,N,N,Y,Y,Y,NV,NV,N,N,Y,Y,NV,NV,Y,Y,Y
2017-04-18 04:00:00,"Capital defendants, execution of, elect to include by firing squad, Secs. 15-18-82, 15-18-82.1 am'd.",NV,N,NV,Y,Y,NV,Y,Y,NV,Y,NV,Y,N,NV,Y,Y,N,NV,N,N,Y,Y,Y,NV,Y,N,NV,NV,Y,Y,Y,Y,Y,Y
2017-04-18 04:00:00,"Capital defendants, execution of, elect to include by firing squad, Secs. 15-18-82, 15-18-82.1 am'd.",Y,N,NV,Y,Y,Y,Y,Y,Y,Y,Y,Y,N,Y,Y,Y,N,NV,N,N,Y,Y,Y,Y,Y,N,N,NV,Y,Y,Y,Y,Y,Y
2017-04-18 04:00:00,"Capital defendants, execution of, elect to include by firing squad, Secs. 15-18-82, 15-18-82.1 am'd.",Y,N,NV,Y,Y,Y,Y,Y,NV,Y,Y,Y,N,Y,Y,Y,N,NV,N,N,Y,Y,Y,NV,Y,NV,N,Y,Y,Y,Y,Y,Y,Y
2017-04-18 04:00:00,"Capital defendants, execution of, elect to include by firing squad, Secs. 15-18-82, 15-18-82.1 am'd.",Y,N,NV,Y,Y,Y,Y,Y,Y,Y,Y,Y,N,Y,Y,Y,N,Y,N,N,Y,Y,Y,Y,Y,N,N,Y,Y,Y,Y,Y,NV,Y
2017-02-28 00:00:00,"Domestic violence, protection orders, definitions clarified, notice of hearing and service of process requirements clarified, fines and penalties for violations clarified, Sec. 13A-6-139.1 repealed; Secs. 13A-6-130, 13A-6-131, 13A-6-132, 13A-6-134, 13A-6-138, 13A-6-142, 15-10-3, 15-13-190, 15-23-68, 30-5-2, 30-5-3, 30-5-5, 30-5-8 am'd.",Y,NV,NV,Y,Y,Y,Y,Y,Y,Y,Y,Y,Y,Y,Y,Y,Y,Y,NV,Y,NV,Y,Y,Y,Y,Y,NV,NV,Y,Y,NV,Y,Y,Y
2017-04-13 04:00:00,"Taxation, sale of land for unpaid tax interest on tax, abolished, Sec. 40-10-121 am'd.",Y,NV,NV,Y,Y,NV,NV,Y,Y,Y,NV,Y,Y,Y,Y,Y,Y,Y,Y,NV,NV,Y,Y,Y,Y,Y,NV,NV,Y,Y,N,Y,Y,Y
2017-04-13 04:00:00,"Taxation, sale of land for unpaid tax interest on tax, abolished, Sec. 40-10-121 am'd.",Y,NV,NV,Y,Y,NV,NV,Y,Y,Y,NV,Y,Y,Y,Y,Y,Y,Y,Y,NV,NV,Y,Y,Y,Y,Y,NV,NV,Y,Y,N,Y,Y,Y
2017-02-21 05:00:00,"Environment, Alabama Legacy for Environmental Research Trust, abolished, Sec. 22-30B-19 repealed",Y,Y,Y,Y,Y,Y,Y,Y,Y,Y,Y,Y,NV,Y,Y,Y,Y,Y,Y,NV,Y,Y,NV,Y,Y,Y,NV,Y,Y,Y,Y,Y,Y,Y
2017-03-09 05:00:00,"Schools, students, authorized to use sunscreen at school",Y,Y,Y,NV,Y,Y,Y,Y,Y,NV,NV,Y,Y,N,Y,Y,Y,Y,Y,NV,NV,Y,Y,Y,Y,NV,Y,NV,NV,Y,Y,Y,Y,Y
2017-03-09 05:00:00,"Schools, students, authorized to use sunscreen at school",Y,Y,Y,NV,Y,Y,Y,Y,Y,NV,NV,Y,Y,N,Y,Y,Y,Y,Y,NV,NV,Y,Y,Y,Y,NV,Y,NV,NV,Y,Y,Y,Y,Y
2017-04-11 04:00:00,"Colleges and universities, local boards of education, schools prohibited from using public funds or property to advocate for or against ballot measures",Y,NV,NV,Y,Y,Y,Y,Y,Y,Y,NV,Y,Y,Y,Y,Y,NV,Y,Y,Y,Y,Y,Y,Y,Y,NV,Y,Y,Y,Y,Y,Y,Y,Y
2017-05-03 04:00:00,"Colleges and universities, local boards of education, schools prohibited from using public funds or property to advocate for or against ballot measures",Y,Y,Y,NV,NV,N,NV,Y,N,NV,Y,N,Y,N,Y,Y,NV,Y,Y,Y,Y,Y,N,NV,Y,Y,Y,Y,NV,Y,Y,N,Y,NV
2017-02-14 05:00:00,"Competitive bids on public improvement projects, bid guarantee, amount increased for Transportation Dept. only, technical correction to prior amendment by Act 2016-260, retroactive, Sec. 39-2-4 am'd.",Y,NV,Y,Y,Y,Y,Y,Y,Y,Y,Y,Y,Y,Y,Y,NV,NV,Y,Y,Y,Y,Y,Y,Y,NV,Y,Y,Y,Y,Y,Y,Y,Y,Y
2017-03-09 05:00:00,"Licensed hospitals, mailing of directory listing by Public Health Dept., eliminated, Sec. 22-21-33 am'd.",Y,Y,Y,Y,Y,Y,Y,Y,Y,NV,Y,Y,Y,Y,Y,Y,Y,Y,NV,Y,NV,Y,Y,NV,Y,Y,Y,Y,Y,NV,Y,Y,Y,Y
2017-03-09 05:00:00,"Licensed hospitals, mailing of directory listing by Public Health Dept., eliminated, Sec. 22-21-33 am'd.",Y,Y,Y,Y,Y,Y,Y,Y,Y,NV,Y,Y,Y,Y,Y,Y,Y,Y,NV,Y,NV,Y,Y,NV,Y,Y,Y,Y,Y,NV,Y,Y,Y,Y
2017-03-09 05:00:00,"Licensed hospitals, mailing of directory listing by Public Health Dept., eliminated, Sec. 22-21-33 am'd.",Y,Y,Y,Y,Y,Y,Y,Y,Y,NV,Y,Y,Y,Y,Y,Y,Y,Y,NV,Y,NV,Y,Y,NV,Y,Y,Y,Y,Y,NV,Y,Y,Y,Y
2017-04-25 04:00:00,"Nursing, Board of, investigators granted power of peace officers, and authorized to enforce controlled substance laws, Sec. 34-21-2 am'd.",Y,Y,NV,Y,NV,NV,Y,Y,Y,Y,NV,Y,NV,Y,Y,Y,Y,Y,Y,Y,NV,Y,Y,NV,NV,Y,Y,Y,NV,NV,Y,Y,NV,Y
2017-04-25 04:00:00,"Nursing, Board of, investigators granted power of peace officers, and authorized to enforce controlled substance laws, Sec. 34-21-2 am'd.",Y,Y,NV,Y,NV,NV,Y,Y,Y,Y,NV,Y,NV,Y,Y,Y,Y,Y,Y,Y,NV,Y,Y,NV,NV,Y,Y,Y,NV,NV,Y,Y,NV,Y
2017-03-07 05:00:00,"Board of Registrars, guidelines revised, diverse appointments required, ineligibility for service, compensation revised, hours of operation, Sec. 17-3-2, 17-3-3, 17-3-4, 17-3-5, 17-3-8 am'd.",Y,Y,Y,Y,Y,Y,Y,Y,Y,Y,Y,Y,Y,Y,Y,Y,Y,Y,NV,Y,NV,Y,Y,Y,Y,Y,Y,Y,Y,NV,NV,Y,NV,Y
2017-03-07 05:00:00,"Board of Registrars, guidelines revised, diverse appointments required, ineligibility for service, compensation revised, hours of operation, Sec. 17-3-2, 17-3-3, 17-3-4, 17-3-5, 17-3-8 am'd.",Y,Y,Y,N,N,N,Y,N,Y,Y,N,N,Y,Y,Y,NV,Y,N,NV,Y,NV,Y,Y,Y,NV,Y,Y,Y,N,NV,NV,Y,NV,N
2017-03-07 05:00:00,"Board of Registrars, guidelines revised, diverse appointments required, ineligibility for service, compensation revised, hours of operation, Sec. 17-3-2, 17-3-3, 17-3-4, 17-3-5, 17-3-8 am'd.",Y,Y,Y,Y,Y,Y,Y,N,Y,Y,Y,Y,Y,Y,Y,Y,Y,Y,NV,Y,NV,Y,Y,Y,Y,Y,Y,Y,Y,NV,NV,Y,NV,Y
2017-04-04 04:00:00,"Education budget, appropriations for the support, maintenance, and development of public education",Y,Y,NV,Y,NV,Y,Y,Y,Y,Y,Y,Y,Y,Y,Y,Y,Y,Y,Y,Y,NV,Y,Y,Y,Y,Y,Y,Y,Y,Y,Y,Y,NV,Y
2017-04-04 04:00:00,"Education budget, appropriations for the support, maintenance, and development of public education",Y,N,NV,NV,N,N,N,N,N,N,N,N,NV,N,N,N,N,N,Y,Y,NV,N,N,N,N,NV,N,Y,NV,N,N,N,N,NV
2017-04-04 04:00:00,"Education budget, appropriations for the support, maintenance, and development of public education",N,Y,NV,Y,Y,Y,Y,Y,NV,Y,Y,Y,Y,Y,NV,Y,Y,Y,NV,Y,Y,Y,Y,Y,Y,Y,Y,N,Y,Y,Y,Y,Y,Y
2017-04-04 04:00:00,"Education budget, appropriations for the support, maintenance, and development of public education",Y,Y,NV,Y,Y,Y,Y,Y,Y,Y,Y,Y,Y,Y,Y,Y,Y,Y,Y,Y,NV,Y,Y,Y,Y,Y,Y,Y,Y,Y,Y,Y,NV,Y
2017-04-25 04:00:00,"Nursing, Board of, anti-competitive rule making, immunity provided, Sec. 34-21-2.1 added",Y,Y,NV,Y,NV,NV,Y,Y,Y,Y,NV,Y,NV,Y,Y,Y,Y,Y,Y,Y,NV,Y,Y,NV,Y,Y,Y,Y,NV,NV,Y,Y,NV,Y
2017-04-25 04:00:00,"Nursing, Board of, anti-competitive rule making, immunity provided, Sec. 34-21-2.1 added",Y,Y,NV,Y,NV,NV,Y,Y,Y,Y,NV,Y,NV,Y,Y,Y,Y,Y,Y,Y,NV,Y,Y,NV,Y,Y,Y,Y,NV,NV,Y,Y,NV,Y
2017-05-03 04:00:00,"Compensation, unemployment, to lower weeks of unemployment benefits from 26 to 14 based on the state average unemployment rate, Secs. 25-4-72, 25-4-74 am'd.",NV,NV,Y,NV,Y,Y,NV,Y,Y,NV,Y,Y,Y,Y,Y,NV,Y,Y,NV,NV,NV,Y,Y,Y,NV,Y,Y,NV,NV,Y,Y,Y,NV,NV
2017-04-20 04:00:00,"Compensation, unemployment, to lower weeks of unemployment benefits from 26 to 14 based on the state average unemployment rate, Secs. 25-4-72, 25-4-74 am'd.",Y,Y,NV,Y,Y,Y,Y,Y,NV,Y,NV,Y,Y,Y,NV,NV,Y,Y,NV,Y,NV,Y,Y,Y,Y,Y,NV,Y,Y,Y,Y,Y,Y,NV
2017-04-20 04:00:00,"Compensation, unemployment, to lower weeks of unemployment benefits from 26 to 14 based on the state average unemployment rate, Secs. 25-4-72, 25-4-74 am'd.",Y,Y,NV,Y,Y,Y,Y,Y,NV,Y,NV,Y,Y,Y,Y,NV,Y,Y,NV,Y,NV,Y,Y,Y,Y,Y,NV,Y,Y,Y,Y,Y,Y,NV
2017-04-06 04:00:00,"Retirement System, Board of Control, Employees' Retirement System of Alabama, membership revised, technical changes made, Sec. 36-27-23 am'd.",Y,Y,NV,Y,Y,Y,Y,Y,Y,Y,Y,Y,Y,NV,Y,Y,Y,Y,Y,Y,Y,NV,Y,Y,Y,Y,Y,NV,Y,Y,Y,Y,Y,Y
2017-04-13 04:00:00,"Revenue Dept., sale of state land, employment of auction company, Sec. 40-10-134 am'd.",NV,Y,NV,Y,Y,Y,Y,Y,Y,Y,Y,Y,Y,Y,Y,Y,Y,Y,NV,NV,Y,Y,Y,Y,NV,Y,Y,NV,NV,NV,Y,Y,Y,Y
2017-04-13 04:00:00,"Revenue Dept., sale of state land, employment of auction company, Sec. 40-10-134 am'd.",NV,Y,NV,Y,Y,Y,Y,Y,Y,Y,Y,Y,Y,Y,Y,Y,Y,Y,NV,NV,Y,Y,Y,Y,NV,Y,Y,NV,NV,NV,Y,Y,Y,Y
2017-04-13 04:00:00,"Revenue Dept., sale of state land, employment of auction company, Sec. 40-10-134 am'd.",NV,Y,NV,Y,Y,Y,Y,Y,Y,Y,Y,Y,Y,Y,Y,Y,Y,Y,NV,NV,Y,Y,Y,Y,NV,Y,Y,NV,NV,NV,Y,Y,Y,Y
2017-04-13 04:00:00,"Revenue Dept., sale of state land, employment of auction company, Sec. 40-10-134 am'd.",NV,Y,NV,Y,Y,Y,Y,Y,Y,Y,Y,Y,Y,Y,Y,Y,Y,Y,NV,NV,Y,Y,Y,Y,NV,Y,Y,NV,NV,NV,Y,Y,Y,Y
2017-04-27 04:00:00,"Municipalities, motor vehicles, parking enforcement, authorized, procedures, adoption of municipal ordinances, civil fines, municipal court jurisdiction, appeals",N,N,NV,NV,N,NV,NV,NV,NV,NV,Y,Y,NV,Y,NV,Y,Y,NV,Y,N,NV,Y,Y,Y,Y,NV,N,N,NV,NV,Y,Y,NV,NV
2017-04-27 04:00:00,"Municipalities, motor vehicles, parking enforcement, authorized, procedures, adoption of municipal ordinances, civil fines, municipal court jurisdiction, appeals",NV,NV,NV,NV,NV,Y,NV,Y,Y,NV,Y,Y,Y,NV,Y,NV,Y,Y,N,N,NV,NV,Y,NV,Y,NV,N,NV,NV,NV,Y,Y,Y,NV
2017-04-13 04:00:00,"Animals, permitting therapy dogs in courtroom with vulnerable witness, authorize judge to use discretionary funds",NV,Y,NV,Y,Y,Y,Y,Y,Y,Y,Y,Y,Y,Y,Y,Y,Y,Y,NV,NV,Y,Y,Y,Y,NV,Y,Y,NV,NV,NV,Y,Y,Y,Y
2017-04-25 04:00:00,"Taxation, certain public water, sewer, gas electric, and fire protection authorities, boards, and systems eligible as government entities for state and local sales and use tax exemptions, Sec. 40-9-14.1 am'd.",Y,Y,NV,Y,NV,Y,Y,Y,Y,Y,Y,Y,Y,Y,Y,Y,Y,Y,NV,Y,Y,Y,Y,Y,Y,Y,Y,Y,Y,Y,Y,Y,NV,Y
2017-04-04 04:00:00,"Veterans, dependents, tuition assistance, requirements, residency and GPA requirement established, advisory committee established, Secs. 31-6-4, 31-6-5, 31-6-6, 31-6-9, 31-6-11, 31-6-16, 31-10-2, 31-10-3, 31-10-4, 31-10-21, 31-10-22 am'd.",Y,NV,NV,Y,NV,Y,Y,Y,Y,Y,Y,Y,Y,N,NV,Y,Y,Y,NV,N,Y,Y,Y,Y,Y,N,NV,N,NV,Y,Y,Y,Y,Y
2017-04-04 04:00:00,"Veterans, dependents, tuition assistance, requirements, residency and GPA requirement established, advisory committee established, Secs. 31-6-4, 31-6-5, 31-6-6, 31-6-9, 31-6-11, 31-6-16, 31-10-2, 31-10-3, 31-10-4, 31-10-21, 31-10-22 am'd.",Y,Y,NV,Y,Y,Y,Y,Y,Y,Y,Y,Y,Y,Y,Y,Y,Y,Y,Y,Y,Y,Y,Y,Y,Y,Y,Y,Y,NV,Y,Y,Y,Y,Y
2017-04-04 04:00:00,"Veterans, dependents, tuition assistance, requirements, residency and GPA requirement established, advisory committee established, Secs. 31-6-4, 31-6-5, 31-6-6, 31-6-9, 31-6-11, 31-6-16, 31-10-2, 31-10-3, 31-10-4, 31-10-21, 31-10-22 am'd.",Y,Y,NV,Y,Y,Y,Y,Y,Y,Y,Y,Y,Y,Y,NV,Y,Y,Y,NV,Y,Y,Y,Y,Y,Y,Y,Y,Y,NV,Y,Y,Y,Y,Y
2017-04-04 04:00:00,"Veterans, dependents, tuition assistance, requirements, residency and GPA requirement established, advisory committee established, Secs. 31-6-4, 31-6-5, 31-6-6, 31-6-9, 31-6-11, 31-6-16, 31-10-2, 31-10-3, 31-10-4, 31-10-21, 31-10-22 am'd.",Y,NV,NV,Y,NV,Y,Y,Y,Y,Y,Y,NV,Y,Y,NV,Y,NV,Y,Y,Y,Y,Y,Y,Y,Y,Y,Y,Y,NV,Y,Y,Y,NV,Y
2017-04-04 04:00:00,"Veterans, dependents, tuition assistance, requirements, residency and GPA requirement established, advisory committee established, Secs. 31-6-4, 31-6-5, 31-6-6, 31-6-9, 31-6-11, 31-6-16, 31-10-2, 31-10-3, 31-10-4, 31-10-21, 31-10-22 am'd.",Y,Y,NV,Y,Y,Y,Y,Y,Y,Y,Y,Y,Y,Y,NV,Y,Y,Y,NV,Y,Y,Y,Y,Y,Y,Y,Y,Y,NV,Y,Y,Y,Y,Y
2017-05-03 04:00:00,"Community development districts, on Lewis Smith Lake, alcoholic beverages authorized, add'l types of districts authorized in wet county for Sunday sales, resort property meeting certain criteria, Secs. 35-8B-1, 35-8B-2, 35-8B-3 am'd.",Y,NV,Y,NV,NV,NV,NV,Y,Y,NV,Y,Y,NV,NV,Y,NV,Y,Y,NV,NV,Y,Y,NV,NV,Y,Y,Y,Y,Y,Y,Y,N,NV,Y
2017-04-25 04:00:00,"Class 5 municipalities, tax sale properties acquired from State Land Commissioner, expedited procedure to quiet title in lieu of procedures in Title 40, Chapter 10, Code of Alabama 1975",Y,Y,NV,Y,NV,Y,Y,Y,Y,Y,Y,Y,Y,Y,Y,Y,Y,Y,NV,Y,Y,NV,Y,Y,NV,Y,Y,Y,NV,Y,Y,Y,NV,NV
2017-04-27 04:00:00,"University of North Alabama, Board of Trustees revised to replace State Superintendent of Ed with at-large member, congressional districts amended to reflect current districts.",Y,Y,NV,Y,Y,Y,Y,Y,NV,NV,Y,Y,Y,Y,Y,Y,Y,Y,NV,Y,Y,Y,Y,Y,Y,Y,NV,NV,NV,Y,NV,Y,NV,Y
2017-04-25 04:00:00,"Co. commissions, bank depository, requirement to select in December of each year deleted, Sec. 11-4-41 am'd.",Y,Y,NV,Y,NV,Y,Y,Y,Y,Y,Y,Y,Y,Y,Y,Y,Y,Y,NV,Y,Y,Y,Y,Y,NV,Y,Y,Y,Y,Y,Y,Y,NV,Y
2017-04-25 04:00:00,"Alabama Partnership Act, repealed and replaced, procedures for formation and disolution, conforming changes, Secs. 10A-1-5.10, 10A-1-9.01 added; Secs. 10A-1-5.07, 10A-1-7.33, 10A-8-1.01 to 10A-8-11.04, inclusive, repealed; Secs. 10A-1-1.02, 10A-1-1.03, 10A-1-1.06, 10A-1-1.08, 10A-1-1.12, 10A-1-2.02, 10A-1-3.06, 10A-1-3.17, 10A-1-3.32, 10A-1-3.33, 10A-1-3.41, 10A-1-4.01, 10A-1-4.02, 10A-1-4.25, 10A-1-4.31, 10A-1-5.01, 10A-1-5.02, 10A-1-5.03, 10A-1-5.04, 10A-1-5.05, 10A-1-5.06, 10A-1-5.08, 10A-1-5.11, 10A-1-5.12, 10A-1-5.31, 10A-1-5.32, 10A-1-5.33, 10A-1-7.01, 10A-1-7.02, 10A-1-7.03, 10A-1-7.04, 10A-1-7.05, 10A-1-7.06, 10A-1-7.07, 10A-1-7.11, 10A-1-7.12, 10A-1-7.13, 10A-1-7.14, 10A-1-7.22, 10A-1-7.23, 10A-1-7.24, 10A-1-7.31, 10A-1-7.32, 10A-1-7.34, 10A-1-7.36, 10A-1-7.37, 10A-1-8.01, 10A-1-8.02, 10A-1-8.03, 0A-1-9.21, 10A-1-9.22, 10A-5A-1.02, 10A-5A-1.06, 10A-9A-1.07, 10A-17-1.02 am'd.",Y,Y,NV,Y,NV,Y,Y,Y,Y,Y,Y,Y,Y,Y,Y,Y,Y,Y,NV,Y,Y,Y,Y,Y,NV,Y,Y,Y,Y,Y,Y,Y,NV,Y
2017-04-25 04:00:00,"Alabama Partnership Act, repealed and replaced, procedures for formation and disolution, conforming changes, Secs. 10A-1-5.10, 10A-1-9.01 added; Secs. 10A-1-5.07, 10A-1-7.33, 10A-8-1.01 to 10A-8-11.04, inclusive, repealed; Secs. 10A-1-1.02, 10A-1-1.03, 10A-1-1.06, 10A-1-1.08, 10A-1-1.12, 10A-1-2.02, 10A-1-3.06, 10A-1-3.17, 10A-1-3.32, 10A-1-3.33, 10A-1-3.41, 10A-1-4.01, 10A-1-4.02, 10A-1-4.25, 10A-1-4.31, 10A-1-5.01, 10A-1-5.02, 10A-1-5.03, 10A-1-5.04, 10A-1-5.05, 10A-1-5.06, 10A-1-5.08, 10A-1-5.11, 10A-1-5.12, 10A-1-5.31, 10A-1-5.32, 10A-1-5.33, 10A-1-7.01, 10A-1-7.02, 10A-1-7.03, 10A-1-7.04, 10A-1-7.05, 10A-1-7.06, 10A-1-7.07, 10A-1-7.11, 10A-1-7.12, 10A-1-7.13, 10A-1-7.14, 10A-1-7.22, 10A-1-7.23, 10A-1-7.24, 10A-1-7.31, 10A-1-7.32, 10A-1-7.34, 10A-1-7.36, 10A-1-7.37, 10A-1-8.01, 10A-1-8.02, 10A-1-8.03, 0A-1-9.21, 10A-1-9.22, 10A-5A-1.02, 10A-5A-1.06, 10A-9A-1.07, 10A-17-1.02 am'd.",Y,Y,NV,Y,NV,Y,Y,Y,Y,Y,Y,Y,Y,Y,Y,Y,Y,Y,NV,Y,Y,Y,Y,Y,NV,Y,Y,Y,NV,Y,Y,Y,NV,Y
2017-05-03 04:00:00,"Lowndes Co., county board of education, members, compensation",NV,NV,Y,NV,NV,Y,NV,Y,Y,NV,Y,Y,Y,Y,NV,NV,Y,Y,NV,NV,NV,Y,Y,Y,NV,Y,Y,NV,NV,Y,Y,Y,NV,NV
2017-05-03 04:00:00,"Russellville, Franklin Co., civil service board, members, salary to be set by city council, Sec. 45-30A-50.03 am'd.",NV,NV,Y,NV,NV,Y,NV,Y,Y,NV,Y,Y,Y,Y,Y,NV,Y,Y,NV,NV,NV,Y,Y,Y,NV,Y,Y,NV,NV,Y,Y,Y,NV,NV
2017-03-09 05:00:00,"Memorial Preservation Act, monuments 50 years and older prohibited from relocation or removal, monuments less than 50 years old required to get permission of Permanent Joint Committee on Alabama Monument Protection",Y,NV,Y,Y,Y,Y,Y,Y,Y,NV,Y,Y,N,Y,Y,Y,N,Y,N,N,NV,Y,Y,Y,Y,NV,N,NV,Y,Y,Y,Y,Y,Y
2017-03-09 05:00:00,"Memorial Preservation Act, monuments 50 years and older prohibited from relocation or removal, monuments less than 50 years old required to get permission of Permanent Joint Committee on Alabama Monument Protection",Y,N,Y,Y,Y,Y,Y,Y,Y,NV,Y,Y,N,Y,Y,Y,N,Y,N,N,NV,Y,Y,Y,Y,NV,N,NV,Y,Y,Y,Y,Y,Y
2017-05-02 04:00:00,"Memorial Preservation Act, monuments 50 years and older prohibited from relocation or removal, monuments less than 50 years old required to get permission of Permanent Joint Committee on Alabama Monument Protection",Y,NV,NV,Y,Y,Y,Y,Y,Y,Y,NV,Y,Y,Y,Y,Y,Y,Y,Y,Y,Y,Y,Y,Y,Y,NV,Y,Y,Y,Y,Y,Y,Y,Y
2017-05-02 04:00:00,"Attorneys, indigent defense fees, waiver of maximum allowed fee by trial court or Director in Indigent Defense Services, Sec. 15-12-21 am'd.",N,Y,NV,N,Y,Y,Y,Y,Y,Y,NV,Y,NV,N,Y,NV,NV,NV,NV,Y,N,Y,Y,NV,Y,Y,Y,Y,NV,Y,Y,NV,NV,Y
2017-04-27 04:00:00,"Boards, commissions, committees, task forces, authorities, inactive or inoperable, abolished, Legislative intent, Secs. 22-1-12, 22-23A-3, 24-10-2, 24-10-4, 24-10-5, 41-23-23 am'd; Secs. 2-7-1 to 2-7-7, inclusive, 2-13A-1, 2-13A-2, 4-2A-1 to 4-2A-23, inclusive, 9-6A-1 to 9-6A-10, inclusive, 9-12-142, 9-13-25, 14-1-18, 16-18A-1 to 16-18A-13, inclusive, 16-25A-13, 16-55-20 to 16-55-24, inclusive, 22-4A-1 to 22-4A-7, inclusive, 22-18-20 to 22-18-23, inclusive, 22-30E-12, 22-50-25, 24-10-8, 24-10-9, 29-2-220 to 29-2-228, inclusive, 32-3-1 to 32-3-7, inclusive, 36-21-140 to 36-21-142, inclusive, 36-36-10, 38-7A-1 to 38-7A-4, inclusive, 40-23-242, 41-9-190 to 41-9-196, inclusive, 41-9-490 to 41-9-498, inclusive, 41-9-570 to 41-9-574, inclusive, 41-9-780 to 41-9-787, inclusive, 41-9-830 to 41-9-833, inclusive, 41-10-200 to 41-10-215, inclusive, 41-10-490 to 41-10-523, inclusive, 41-25-1 to 41-25-5 inclusive repealed; Acts 1975-1178, Act 1979-43, Act 1984-319, Act 1985-138, Act 1985-280, Act 1985-301, Act 1985-811, Act 1987-02, Act 1988-213, Act 1991-259, Act 1991-325, Act 1992-56, Act 1994-764, Act 1996-289, Act 1997-68, Act 1997-818, Act 1998-107, Act 1998-156, Act 2000-8, Act 2001-62, Act 2002-318, Act 2004-421, Act 2004-540, Act 2005-257, Act 2006-430, Act 2007-171, Act 2007-421, Act 2007-507, Act 2007-565, Act 2007-592, Act 2008-25, Act 2008-121, Act 2008-337, Act 2008-386, Act 2009-142, Act 2009-180, Act 2009-794, Act 2009-798, Act 2009-806, Act 2010-458, Act 2010-638, Act 2011-132, Act 2011-356, Act 2012-25, Act 2012-597, Act 2014-194 repealed",Y,Y,NV,Y,Y,Y,Y,Y,NV,NV,Y,Y,Y,Y,Y,Y,Y,Y,NV,Y,Y,Y,Y,Y,Y,Y,NV,NV,NV,Y,NV,Y,NV,Y
2017-04-27 04:00:00,"Boards, commissions, committees, task forces, authorities, inactive or inoperable, abolished, Legislative intent, Secs. 22-1-12, 22-23A-3, 24-10-2, 24-10-4, 24-10-5, 41-23-23 am'd; Secs. 2-7-1 to 2-7-7, inclusive, 2-13A-1, 2-13A-2, 4-2A-1 to 4-2A-23, inclusive, 9-6A-1 to 9-6A-10, inclusive, 9-12-142, 9-13-25, 14-1-18, 16-18A-1 to 16-18A-13, inclusive, 16-25A-13, 16-55-20 to 16-55-24, inclusive, 22-4A-1 to 22-4A-7, inclusive, 22-18-20 to 22-18-23, inclusive, 22-30E-12, 22-50-25, 24-10-8, 24-10-9, 29-2-220 to 29-2-228, inclusive, 32-3-1 to 32-3-7, inclusive, 36-21-140 to 36-21-142, inclusive, 36-36-10, 38-7A-1 to 38-7A-4, inclusive, 40-23-242, 41-9-190 to 41-9-196, inclusive, 41-9-490 to 41-9-498, inclusive, 41-9-570 to 41-9-574, inclusive, 41-9-780 to 41-9-787, inclusive, 41-9-830 to 41-9-833, inclusive, 41-10-200 to 41-10-215, inclusive, 41-10-490 to 41-10-523, inclusive, 41-25-1 to 41-25-5 inclusive repealed; Acts 1975-1178, Act 1979-43, Act 1984-319, Act 1985-138, Act 1985-280, Act 1985-301, Act 1985-811, Act 1987-02, Act 1988-213, Act 1991-259, Act 1991-325, Act 1992-56, Act 1994-764, Act 1996-289, Act 1997-68, Act 1997-818, Act 1998-107, Act 1998-156, Act 2000-8, Act 2001-62, Act 2002-318, Act 2004-421, Act 2004-540, Act 2005-257, Act 2006-430, Act 2007-171, Act 2007-421, Act 2007-507, Act 2007-565, Act 2007-592, Act 2008-25, Act 2008-121, Act 2008-337, Act 2008-386, Act 2009-142, Act 2009-180, Act 2009-794, Act 2009-798, Act 2009-806, Act 2010-458, Act 2010-638, Act 2011-132, Act 2011-356, Act 2012-25, Act 2012-597, Act 2014-194 repealed",Y,Y,NV,Y,Y,Y,Y,Y,NV,NV,Y,Y,Y,Y,Y,Y,Y,Y,NV,Y,Y,Y,Y,Y,Y,Y,NV,NV,NV,Y,NV,Y,NV,Y
2017-05-02 04:00:00,"Eminent domain proceedings, costs, condemnation proceedings filed by Dept. of Transportation, the department pays condemnee's reasonable attorney fees, appraisal and engineering costs if final award is 20 percent or higher than department's offer, Sec. 18-1A-293 am'd.",Y,Y,NV,NV,Y,NV,Y,Y,Y,Y,NV,NV,NV,Y,Y,Y,Y,Y,Y,NV,Y,Y,Y,NV,Y,Y,Y,Y,Y,NV,Y,Y,Y,Y
2017-05-02 04:00:00,"Eminent domain proceedings, costs, condemnation proceedings filed by Dept. of Transportation, the department pays condemnee's reasonable attorney fees, appraisal and engineering costs if final award is 20 percent or higher than department's offer, Sec. 18-1A-293 am'd.",Y,Y,NV,NV,Y,NV,Y,Y,Y,Y,NV,NV,NV,Y,Y,Y,Y,Y,Y,NV,Y,Y,Y,NV,Y,Y,Y,Y,Y,NV,Y,Y,Y,Y
2017-05-02 04:00:00,"Driving under the influence, specify which drugs are considered controlled substances, require courts to further consider a defendant's DUI history, reorganize existing provisions of law relating to DUI and penalties, Sec. 32-5A-191 am'd.",Y,Y,NV,Y,Y,NV,NV,Y,NV,Y,Y,NV,NV,Y,Y,Y,NV,Y,Y,Y,NV,NV,Y,Y,Y,Y,NV,NV,Y,Y,Y,Y,NV,Y
2017-05-02 04:00:00,"Driving under the influence, specify which drugs are considered controlled substances, require courts to further consider a defendant's DUI history, reorganize existing provisions of law relating to DUI and penalties, Sec. 32-5A-191 am'd.",Y,Y,NV,Y,Y,NV,NV,Y,NV,Y,Y,NV,NV,Y,Y,Y,NV,Y,Y,Y,NV,NV,Y,Y,Y,Y,NV,NV,Y,Y,Y,Y,NV,Y
2017-05-02 04:00:00,"Medicaid Agency, eligibility verification mechanisms required, identity verification, use of third-party vendors auth., reporting of fraud",Y,Y,NV,Y,Y,Y,NV,Y,NV,Y,Y,Y,NV,Y,NV,Y,Y,Y,N,Y,Y,Y,Y,Y,Y,Y,N,Y,NV,Y,Y,Y,NV,Y
2017-05-02 04:00:00,"Medicaid Agency, eligibility verification mechanisms required, identity verification, use of third-party vendors auth., reporting of fraud",Y,Y,NV,Y,Y,Y,NV,Y,NV,Y,Y,Y,NV,Y,NV,Y,Y,Y,N,Y,Y,Y,Y,Y,Y,Y,N,Y,NV,Y,Y,Y,NV,Y
2017-05-02 04:00:00,"Suicide, training of public school educators to provide mental health first aid to students",Y,Y,NV,Y,Y,NV,Y,Y,NV,Y,Y,NV,NV,Y,Y,Y,Y,Y,Y,Y,NV,NV,Y,Y,Y,Y,NV,NV,Y,Y,Y,Y,NV,Y
2017-05-02 04:00:00,"Suicide, training of public school educators to provide mental health first aid to students",Y,Y,NV,Y,Y,NV,Y,Y,NV,Y,Y,NV,NV,Y,Y,Y,Y,Y,Y,Y,NV,NV,Y,Y,Y,Y,NV,NV,Y,Y,Y,Y,NV,Y
2017-05-02 04:00:00,"Taxation, adjusted gross income range expanded for maximum standard deductions, Sec. 40-18-15 am'd.",Y,Y,NV,NV,Y,Y,Y,Y,Y,Y,NV,NV,NV,Y,Y,Y,Y,Y,Y,NV,Y,Y,Y,Y,Y,Y,Y,Y,Y,NV,Y,Y,Y,Y
2017-05-02 04:00:00,"Community development districts, alcoholic beverages, off-premises sales authorized under certain conditions, Sec. 35-8B-3 am'd.",Y,Y,NV,NV,NV,Y,NV,Y,Y,Y,NV,Y,NV,Y,Y,Y,Y,Y,Y,NV,Y,Y,Y,Y,Y,Y,Y,N,Y,NV,Y,Y,Y,Y
2017-05-02 04:00:00,"Class 5 municipalities, entertainment districts, authorized to serve alcoholic beverages in designated areas, including areas not adjacent to licensed premises, Sec. 28-3A-17.1 am'd.",Y,Y,NV,Y,Y,NV,Y,Y,NV,Y,Y,Y,NV,Y,Y,Y,Y,Y,Y,Y,NV,NV,Y,Y,Y,Y,NV,NV,Y,Y,Y,Y,NV,Y
2017-05-02 04:00:00,"Alabama Public Transportation Trust Fund, established, ADECA required to administer trust fund; Public Transportation Trust Fund Advisory Committee, created.",Y,Y,NV,Y,Y,NV,Y,Y,Y,Y,Y,Y,Y,N,Y,Y,Y,Y,Y,Y,N,Y,Y,Y,Y,Y,Y,Y,Y,NV,NV,Y,NV,Y
2017-05-02 04:00:00,"Impeachment, Legislature auth. to issue subpoenas to compel testimony and production of documents, enforcement, penalties for non-compliance",Y,Y,NV,Y,Y,Y,Y,Y,Y,Y,Y,Y,Y,NV,Y,Y,Y,NV,Y,Y,NV,Y,Y,Y,Y,NV,Y,NV,Y,Y,NV,Y,NV,Y
2017-02-14 05:00:00,"Legislative Services Agency, created; Legislative Reference Service, Legislative Fiscal Office and Alabama Law Institute made divisions of agency, additional authority of Legislative Council, Secs. 29-6-5, 29-6-7, 41-9-370 am'd; Chapters 5, 7, and 8 of Title 29 repealed, Chapter 5A added to Title 29 and Secs. 29-6-7.1 and 29-6-7.2 added",NV,Y,Y,Y,Y,Y,Y,Y,Y,Y,NV,Y,Y,Y,Y,Y,NV,Y,Y,Y,Y,Y,Y,Y,NV,Y,NV,Y,Y,Y,Y,NV,NV,Y
2017-02-14 05:00:00,"Legislative Services Agency, created; Legislative Reference Service, Legislative Fiscal Office and Alabama Law Institute made divisions of agency, additional authority of Legislative Council, Secs. 29-6-5, 29-6-7, 41-9-370 am'd; Chapters 5, 7, and 8 of Title 29 repealed, Chapter 5A added to Title 29 and Secs. 29-6-7.1 and 29-6-7.2 added",Y,Y,Y,Y,Y,Y,Y,Y,Y,Y,NV,Y,Y,Y,Y,NV,NV,Y,Y,Y,Y,Y,Y,Y,Y,Y,Y,Y,NV,Y,Y,NV,Y,Y
2017-04-27 04:00:00,"Legislative Services Agency, created; Legislative Reference Service, Legislative Fiscal Office and Alabama Law Institute made divisions of agency, additional authority of Legislative Council, Secs. 29-6-5, 29-6-7, 41-9-370 am'd; Chapters 5, 7, and 8 of Title 29 repealed, Chapter 5A added to Title 29 and Secs. 29-6-7.1 and 29-6-7.2 added",Y,Y,NV,Y,Y,Y,Y,NV,Y,NV,Y,Y,NV,Y,Y,NV,Y,Y,Y,Y,NV,Y,Y,Y,Y,Y,Y,NV,Y,Y,Y,NV,NV,Y
2017-02-14 05:00:00,"Legislative Services Agency, created; Legislative Reference Service, Legislative Fiscal Office and Alabama Law Institute made divisions of agency, additional authority of Legislative Council, Secs. 29-6-5, 29-6-7, 41-9-370 am'd; Chapters 5, 7, and 8 of Title 29 repealed, Chapter 5A added to Title 29 and Secs. 29-6-7.1 and 29-6-7.2 added",NV,Y,Y,Y,Y,Y,Y,Y,Y,Y,NV,Y,Y,Y,Y,Y,NV,Y,Y,Y,Y,Y,Y,Y,NV,Y,NV,Y,Y,Y,Y,NV,NV,Y
2017-02-14 05:00:00,"Gas, natural gas, conversion of motor vehicles for operating on compressed natural or liquefied gas, extended weight allowances, Sec. 32-9-20 am'd.",NV,NV,Y,Y,NV,NV,Y,Y,Y,Y,Y,Y,NV,Y,Y,Y,Y,Y,Y,Y,NV,Y,Y,NV,Y,Y,Y,NV,Y,NV,Y,Y,NV,Y
2017-02-14 05:00:00,"Gas, natural gas, conversion of motor vehicles for operating on compressed natural or liquefied gas, extended weight allowances, Sec. 32-9-20 am'd.",NV,NV,Y,Y,NV,NV,Y,Y,Y,Y,Y,Y,NV,Y,Y,Y,Y,Y,Y,Y,NV,Y,Y,NV,Y,Y,Y,NV,Y,NV,Y,Y,NV,Y
2017-04-27 04:00:00,"Gas, natural gas, conversion of motor vehicles for operating on compressed natural or liquefied gas, extended weight allowances, Sec. 32-9-20 am'd.",Y,NV,NV,Y,Y,NV,Y,Y,Y,NV,NV,Y,Y,Y,NV,Y,Y,Y,Y,Y,Y,Y,Y,Y,Y,NV,Y,Y,Y,Y,NV,Y,NV,Y
2017-04-06 04:00:00,"Elections, notification of absentee voter of defective and uncounted ballot, Sec. 17-11-10 am'd.",NV,Y,NV,Y,Y,NV,Y,Y,Y,NV,Y,Y,Y,NV,Y,Y,Y,Y,Y,Y,Y,Y,Y,Y,Y,Y,Y,NV,Y,NV,Y,Y,Y,NV
2017-04-06 04:00:00,"Elections, notification of absentee voter of defective and uncounted ballot, Sec. 17-11-10 am'd.",NV,Y,NV,Y,Y,NV,Y,Y,Y,NV,Y,Y,Y,NV,Y,Y,Y,Y,Y,Y,Y,Y,Y,Y,Y,Y,Y,NV,Y,NV,Y,Y,Y,NV
2017-04-06 04:00:00,"Elections, notification of absentee voter of defective and uncounted ballot, Sec. 17-11-10 am'd.",NV,Y,NV,Y,Y,NV,Y,Y,Y,NV,Y,Y,Y,NV,Y,Y,Y,Y,Y,Y,Y,Y,Y,Y,Y,Y,Y,NV,Y,NV,Y,Y,Y,NV
2017-03-09 05:00:00,"Money transmission, licensing of transmitters, approval of authorized delegates, duties, penalties, Sec. 8-7-1 repealed; Secs. 8-7A-1 to 8-7A-27, inclusive, added",Y,Y,Y,Y,Y,Y,Y,Y,Y,NV,Y,Y,Y,Y,Y,Y,Y,Y,NV,Y,NV,Y,Y,NV,Y,Y,Y,Y,Y,NV,Y,Y,Y,Y
2017-03-09 05:00:00,"Money transmission, licensing of transmitters, approval of authorized delegates, duties, penalties, Sec. 8-7-1 repealed; Secs. 8-7A-1 to 8-7A-27, inclusive, added",Y,Y,Y,Y,Y,Y,Y,Y,Y,NV,Y,Y,Y,Y,Y,Y,Y,Y,NV,Y,NV,Y,Y,NV,Y,Y,Y,Y,Y,NV,Y,Y,Y,Y
2017-04-06 04:00:00,"Workers' compensation, additional penalties for fraud, restitution, termination of benefits, repayment, Sec. 13A-11-124 am'd.",NV,N,NV,NV,Y,Y,Y,Y,Y,Y,Y,Y,N,NV,Y,Y,Y,Y,N,N,Y,Y,Y,Y,Y,Y,N,NV,Y,NV,Y,Y,NV,Y
2017-04-06 04:00:00,"Workers' compensation, additional penalties for fraud, restitution, termination of benefits, repayment, Sec. 13A-11-124 am'd.",NV,N,NV,NV,Y,Y,Y,Y,Y,Y,Y,Y,N,NV,Y,Y,Y,Y,N,N,Y,Y,Y,Y,Y,Y,N,NV,Y,NV,Y,Y,NV,Y
2017-04-11 04:00:00,"Code of Alabama 1975, Acts of 2015 First Special Session, 2015 Second Special Session, 2016 Regular Session, supplements and certain replacement volumes, codified with certain corrections, local laws of certain counties codified, duties of Secretary of State",Y,Y,NV,Y,Y,Y,Y,Y,Y,Y,NV,Y,Y,Y,Y,Y,Y,Y,Y,Y,Y,Y,Y,Y,Y,NV,NV,Y,Y,Y,Y,Y,Y,Y
2017-04-06 04:00:00,"Dogs, service dogs, harassment or injuring prohibited, penalties, definition to include therapy dogs, Act 2016-132, 2016 Reg. Sess., am'd, Sec. 13A-11-231 am'd.",NV,Y,NV,Y,Y,NV,Y,Y,Y,NV,Y,Y,Y,NV,Y,Y,Y,Y,Y,Y,Y,Y,Y,Y,Y,Y,Y,NV,Y,NV,Y,Y,Y,NV
2017-04-13 04:00:00,"Municipal courts, mayors and municipal court judges, mayor authorized to remit court costs imposed by municipal court judge, municipal court judges authorized to remit certain costs upon a showing of indigency, mayor's authority to commute sentences removed, municipal court judges authorized to issue arrest warrants and hold certain persons in contempt of court, Secs. 12-14-15, 12-14-31, 12-14-32 am'd.",NV,Y,NV,Y,Y,Y,Y,Y,Y,Y,Y,Y,Y,Y,Y,Y,Y,Y,NV,NV,Y,Y,Y,Y,NV,Y,Y,NV,NV,NV,Y,Y,Y,Y
2017-04-13 04:00:00,"Child Labor Certificates, annual fee changed to twenty-five dollars, Sec. 25-8-45 am'd.",Y,Y,NV,Y,NV,Y,Y,Y,NV,Y,Y,Y,NV,Y,Y,Y,Y,Y,Y,NV,NV,Y,Y,Y,Y,Y,Y,N,Y,NV,Y,Y,Y,Y
2017-04-04 04:00:00,"Supplemental appropriation, Education Trust Fund to the Dept. of Veterans' Affairs, for fiscal year ending September 30, 2017, Act 2016-199, 2016 Reg Sess., am'd.",Y,Y,NV,Y,Y,Y,Y,Y,NV,Y,Y,Y,Y,Y,NV,Y,Y,Y,NV,Y,Y,Y,Y,Y,Y,Y,Y,Y,NV,Y,Y,Y,Y,Y
2017-04-27 04:00:00,"Montgomery Co., collection of civil service fee by sheriff clarified, Act 2015-264, 2015 Reg. Sess., am'd.",Y,Y,NV,Y,NV,Y,NV,NV,Y,NV,Y,Y,Y,NV,Y,Y,Y,NV,NV,Y,NV,Y,Y,NV,Y,Y,Y,Y,Y,NV,Y,Y,Y,NV
2017-04-27 04:00:00,"Montgomery Co., collection of civil service fee by sheriff clarified, Act 2015-264, 2015 Reg. Sess., am'd.",Y,Y,NV,Y,NV,Y,NV,NV,Y,NV,Y,Y,Y,NV,Y,Y,Y,NV,NV,Y,NV,Y,Y,NV,Y,Y,Y,Y,Y,NV,Y,Y,Y,NV
2017-04-27 04:00:00,"Education, High Performance Principals Program, salary supplement incentives for public K-12 principals based on student achievement, State Board of Education to implement",Y,Y,NV,NV,Y,Y,NV,Y,NV,NV,Y,Y,Y,Y,Y,Y,Y,Y,Y,Y,NV,Y,Y,NV,Y,NV,Y,NV,Y,Y,NV,Y,Y,Y
2017-04-13 04:00:00,"Sex offenders, notification, registration, requirements to establish residence, crimes of sexting, sexual extortion, assault with bodily fluids, directing a child to engage in sex act, and distribution of a private image created, Secs. 13A-6-122, 15-20A-4, 15-20A-5, 15-20A-7, 15-20A-8, 15-20A-10 to 15-20A-16, inclusive, 15-20A-18, 15-20A-21, 15-20A-23 to 15-20A-28, inclusive, 15-20A-31, 15-20A-32, 15-20A-34, 15-20A-37, 15-20A-42, 15-20A-43 am'd.",Y,Y,NV,Y,NV,Y,Y,Y,NV,Y,Y,Y,NV,Y,Y,Y,Y,Y,Y,NV,NV,Y,Y,Y,Y,Y,Y,Y,Y,NV,Y,Y,Y,Y
2017-04-13 04:00:00,"Sex offenders, notification, registration, requirements to establish residence, crimes of sexting, sexual extortion, assault with bodily fluids, directing a child to engage in sex act, and distribution of a private image created, Secs. 13A-6-122, 15-20A-4, 15-20A-5, 15-20A-7, 15-20A-8, 15-20A-10 to 15-20A-16, inclusive, 15-20A-18, 15-20A-21, 15-20A-23 to 15-20A-28, inclusive, 15-20A-31, 15-20A-32, 15-20A-34, 15-20A-37, 15-20A-42, 15-20A-43 am'd.",Y,Y,NV,Y,Y,Y,Y,Y,NV,Y,Y,Y,NV,Y,Y,Y,Y,Y,Y,NV,NV,Y,Y,Y,Y,Y,Y,Y,Y,NV,Y,Y,Y,Y
2017-04-13 04:00:00,"Home Builders Licensure Board, residential home builders, proof of current licensure and liability insurance provided to homeowner before beginning construction",Y,NV,NV,Y,NV,NV,N,Y,Y,Y,Y,N,Y,Y,Y,Y,Y,Y,Y,NV,NV,Y,Y,Y,Y,Y,Y,Y,NV,N,Y,Y,NV,Y
2017-04-13 04:00:00,"Home Builders Licensure Board, residential home builders, proof of current licensure and liability insurance provided to homeowner before beginning construction",Y,NV,NV,Y,NV,NV,Y,Y,Y,Y,Y,Y,Y,Y,Y,Y,Y,Y,Y,NV,NV,Y,Y,Y,Y,Y,Y,Y,NV,N,Y,Y,NV,Y
2017-04-25 04:00:00,"Medicaid, liens and claims against recipient and recipient's estate authorized",Y,N,NV,Y,NV,NV,N,Y,NV,Y,NV,Y,Y,Y,Y,Y,N,Y,NV,N,NV,Y,N,NV,NV,Y,N,N,N,Y,Y,Y,NV,Y
2017-04-25 04:00:00,"Medicaid, liens and claims against recipient and recipient's estate authorized",Y,Y,NV,Y,NV,NV,Y,Y,Y,Y,NV,Y,NV,Y,Y,Y,Y,Y,Y,Y,NV,Y,Y,NV,Y,Y,Y,Y,NV,NV,Y,Y,NV,Y
2017-04-25 04:00:00,"Medicaid, liens and claims against recipient and recipient's estate authorized",Y,Y,NV,Y,NV,NV,Y,Y,Y,Y,NV,Y,NV,Y,Y,Y,Y,Y,Y,Y,NV,Y,Y,NV,Y,Y,Y,Y,NV,Y,Y,Y,NV,Y
2017-04-13 04:00:00,"Counties and municipalities, collection of local taxes by Revenue Dept., interest rate by general law, delivery licenses, exemption of small deliveries, provision for increases deleted, issuance fee, Secs. 11-3-11.3, 11-51-194, 11-51-208, am'd.",Y,NV,NV,Y,NV,Y,N,Y,NV,Y,Y,Y,NV,N,Y,Y,Y,Y,Y,NV,NV,Y,Y,NV,NV,Y,NV,Y,Y,Y,Y,Y,Y,Y
2017-04-13 04:00:00,"Counties and municipalities, collection of local taxes by Revenue Dept., interest rate by general law, delivery licenses, exemption of small deliveries, provision for increases deleted, issuance fee, Secs. 11-3-11.3, 11-51-194, 11-51-208, am'd.",Y,NV,NV,Y,NV,NV,N,Y,Y,Y,Y,N,Y,Y,Y,Y,Y,Y,Y,NV,NV,Y,Y,Y,N,Y,Y,Y,NV,N,Y,Y,NV,Y
2017-04-13 04:00:00,"Prosthetists and Orthotists Board, licensure, exemptions further provided for, Sec. 34-25A-5 am'd.",Y,NV,NV,Y,NV,NV,Y,Y,Y,Y,Y,Y,Y,Y,Y,Y,Y,Y,Y,NV,NV,Y,Y,Y,Y,Y,Y,Y,NV,Y,Y,Y,NV,Y
2017-04-27 04:00:00,"Montgomery, Red Light Safety Act, repealed, Act 2009-740, 2009 Reg. Sess., repealed; Acts 2011-298 and 2011-337, 2011 Reg. Sess., am'd; Act 2016-117, 2016 Reg. Sess., am'd.",Y,Y,NV,NV,NV,Y,NV,NV,Y,NV,Y,Y,Y,Y,Y,NV,Y,Y,Y,Y,NV,Y,Y,Y,Y,Y,NV,NV,Y,Y,Y,Y,Y,Y
2017-04-18 04:00:00,"Firearms, possession and carrying of, certain requirements for, repealed or deleted, Secs. 9-11-304, 13A-11-50, 13A-11-51, 13A-11-52, 13A-11-59, 13A-11-71, 13A-11-73, 13A-11-74, repealed; Sec. 13A-11-61.2 am'd.",Y,NV,NV,Y,NV,Y,Y,Y,NV,Y,Y,Y,N,Y,Y,Y,Y,Y,NV,Y,Y,Y,Y,Y,Y,NV,Y,Y,Y,Y,Y,Y,Y,NV
2017-04-18 04:00:00,"Firearms, possession and carrying of, certain requirements for, repealed or deleted, Secs. 9-11-304, 13A-11-50, 13A-11-51, 13A-11-52, 13A-11-59, 13A-11-71, 13A-11-73, 13A-11-74, repealed; Sec. 13A-11-61.2 am'd.",N,Y,NV,N,N,N,N,N,N,N,N,N,Y,N,N,N,Y,N,Y,Y,N,N,N,Y,N,Y,Y,N,N,N,N,Y,N,N
2017-04-18 04:00:00,"Firearms, possession and carrying of, certain requirements for, repealed or deleted, Secs. 9-11-304, 13A-11-50, 13A-11-51, 13A-11-52, 13A-11-59, 13A-11-71, 13A-11-73, 13A-11-74, repealed; Sec. 13A-11-61.2 am'd.",Y,N,NV,Y,Y,Y,Y,Y,Y,Y,Y,Y,N,Y,Y,Y,N,Y,N,N,Y,Y,Y,Y,Y,N,N,Y,Y,Y,Y,Y,Y,Y
2017-04-18 04:00:00,"Firearms, possession and carrying of, certain requirements for, repealed or deleted, Secs. 9-11-304, 13A-11-50, 13A-11-51, 13A-11-52, 13A-11-59, 13A-11-71, 13A-11-73, 13A-11-74, repealed; Sec. 13A-11-61.2 am'd.",Y,NV,NV,Y,NV,Y,Y,Y,NV,Y,Y,Y,N,Y,Y,Y,Y,Y,NV,Y,Y,Y,Y,Y,Y,NV,Y,Y,Y,Y,Y,Y,Y,NV
2017-04-18 04:00:00,"Firearms, possession and carrying of, certain requirements for, repealed or deleted, Secs. 9-11-304, 13A-11-50, 13A-11-51, 13A-11-52, 13A-11-59, 13A-11-71, 13A-11-73, 13A-11-74, repealed; Sec. 13A-11-61.2 am'd.",Y,N,NV,Y,Y,Y,Y,Y,Y,Y,Y,Y,N,Y,Y,Y,N,Y,N,N,Y,Y,Y,Y,Y,N,N,Y,Y,Y,Y,Y,Y,Y
2017-04-25 04:00:00,"Municipalities, annexation of property enclosed within corporate limits, special procedure",Y,Y,NV,Y,NV,Y,Y,Y,Y,Y,Y,Y,Y,Y,Y,Y,Y,Y,NV,Y,Y,Y,N,Y,Y,Y,Y,Y,Y,Y,Y,Y,NV,Y
2017-04-25 04:00:00,"Municipalities, annexation of property enclosed within corporate limits, special procedure",Y,Y,NV,Y,NV,N,Y,Y,Y,Y,Y,Y,Y,Y,Y,Y,Y,Y,NV,Y,Y,Y,N,Y,Y,Y,Y,Y,Y,Y,Y,Y,NV,Y
2017-04-25 04:00:00,"Municipalities, annexation of property enclosed within corporate limits, special procedure",N,Y,NV,N,NV,Y,Y,N,Y,Y,N,Y,Y,Y,Y,Y,Y,NV,NV,Y,Y,NV,N,Y,NV,Y,Y,Y,N,Y,Y,Y,NV,NV
2017-03-16 04:00:00,"Mobile Co., district attorneys office, employees, appointment, comp., funding, Act 82-675, 1982 First Sp. Sess., and Act 88-423, 1988 Reg. Sess., repealed",Y,Y,NV,Y,Y,Y,NV,Y,Y,NV,NV,Y,Y,Y,Y,NV,Y,NV,NV,Y,NV,Y,Y,Y,Y,NV,NV,Y,Y,Y,Y,Y,NV,Y
2017-03-16 04:00:00,"Appropriations, supplemental appropriations for fiscal year ending September 30, 2017, Education Trust Fund Advancement and Technology Fund to the Department of Education and Alabama Community College System",NV,Y,Y,Y,Y,Y,Y,Y,Y,Y,NV,Y,Y,Y,Y,Y,Y,Y,Y,Y,Y,Y,Y,Y,Y,NV,NV,Y,NV,NV,Y,Y,NV,Y
2017-04-13 04:00:00,"Epes, corp. limits alt.",Y,NV,NV,Y,Y,NV,NV,Y,Y,Y,NV,Y,Y,Y,Y,NV,Y,Y,Y,NV,NV,Y,Y,Y,Y,Y,NV,NV,Y,Y,Y,Y,Y,Y
2017-02-21 05:00:00,"Judge of probate, liability for taking bond or insufficient bond from conservator or personal representative, not liable unless conduct wanton, fraudulent or intentional, Secs. 26-3-13, 43-2-82 am'd.",Y,Y,Y,Y,Y,Y,Y,Y,Y,Y,Y,Y,NV,Y,Y,Y,Y,Y,Y,NV,Y,Y,NV,Y,Y,Y,NV,Y,Y,Y,Y,Y,Y,Y
2017-03-07 05:00:00,"Marriage, contract for, recording by judge of probate, transmission to Vital Statistics office, content of contract, Secs. 30-1-9, 30-1-10, 30-1-11, 30-1-13, 30-1-14 repealed; Secs. 22-9A-17, 30-1-5, 30-1-12, 30-1-16 am'd.",Y,N,Y,Y,NV,NV,N,Y,Y,N,NV,Y,Y,Y,Y,NV,Y,Y,Y,N,Y,Y,Y,N,Y,Y,Y,Y,Y,NV,NV,Y,NV,N
2017-03-07 05:00:00,"Marriage, contract for, recording by judge of probate, transmission to Vital Statistics office, content of contract, Secs. 30-1-9, 30-1-10, 30-1-11, 30-1-13, 30-1-14 repealed; Secs. 22-9A-17, 30-1-5, 30-1-12, 30-1-16 am'd.",Y,Y,Y,Y,Y,Y,Y,Y,NV,Y,Y,Y,Y,Y,Y,Y,Y,Y,Y,Y,Y,NV,Y,Y,Y,Y,Y,Y,Y,NV,NV,Y,NV,Y
2017-02-23 05:00:00,"Credit unions, time frame for periodic examination by Credit Union Administration extended, Sec. 5-17-8 am'd.",NV,NV,Y,Y,Y,NV,Y,NV,NV,NV,NV,NV,Y,Y,Y,NV,Y,NV,Y,NV,NV,Y,Y,NV,Y,NV,Y,NV,Y,Y,NV,Y,Y,Y
2017-04-13 04:00:00,"Charitable food donation, immunity for expanded to include foods prepared by a restaurant or food service establishment, Sec. 20-1-6 am'd.",Y,NV,NV,Y,Y,NV,NV,Y,Y,Y,NV,Y,Y,Y,Y,Y,Y,Y,Y,NV,NV,Y,Y,Y,Y,Y,NV,NV,Y,Y,Y,Y,Y,Y
2017-04-20 04:00:00,"Absentee voting, authorize without excuse or explanation, Secs. 17-9-30, 17-11-3, 17-11-4, 17-11-5, 17-11-7, 17-11-9, 17-11-10, 17-11-49 am'd.",Y,Y,NV,Y,Y,Y,Y,Y,NV,Y,NV,Y,Y,Y,N,NV,Y,Y,NV,Y,NV,Y,Y,Y,Y,Y,NV,Y,Y,Y,N,Y,Y,N
2017-04-20 04:00:00,"Absentee voting, authorize without excuse or explanation, Secs. 17-9-30, 17-11-3, 17-11-4, 17-11-5, 17-11-7, 17-11-9, 17-11-10, 17-11-49 am'd.",Y,Y,NV,Y,Y,Y,Y,Y,NV,Y,NV,Y,Y,Y,N,NV,Y,Y,NV,Y,NV,Y,Y,Y,Y,Y,NV,Y,Y,Y,N,Y,Y,N
2017-02-23 05:00:00,"Homicide, crime of homicide by vehicle or vessel, created, penalties, Marshall James Walton Highway Safety Act",Y,N,Y,Y,Y,N,Y,Y,NV,NV,NV,Y,Y,Y,Y,NV,Y,NV,N,NV,Y,Y,Y,NV,Y,NV,N,N,Y,Y,Y,Y,Y,NV
2017-03-15 04:00:00,"Homicide, crime of homicide by vehicle or vessel, created, penalties, Marshall James Walton Highway Safety Act",Y,Y,Y,NV,Y,Y,Y,Y,Y,NV,Y,Y,Y,Y,Y,Y,Y,Y,Y,Y,Y,Y,Y,Y,Y,Y,NV,Y,Y,Y,Y,Y,Y,Y
2017-03-15 04:00:00,"Homicide, crime of homicide by vehicle or vessel, created, penalties, Marshall James Walton Highway Safety Act",Y,Y,Y,Y,Y,Y,Y,Y,Y,NV,Y,Y,Y,Y,Y,Y,N,Y,Y,Y,Y,Y,Y,Y,Y,NV,NV,NV,Y,Y,Y,Y,Y,Y
2017-02-23 05:00:00,"Homicide, crime of homicide by vehicle or vessel, created, penalties, Marshall James Walton Highway Safety Act",Y,N,Y,Y,Y,N,Y,Y,NV,NV,NV,Y,NV,Y,Y,NV,Y,NV,N,NV,Y,Y,Y,NV,Y,NV,N,N,Y,NV,Y,Y,Y,NV
2017-03-07 05:00:00,"Motor vehicles, salvage or junk branded, advertisements, license or registration number required, penalties, unlicensed or unregistered entities prohibited from towing, impoundment authorized, cost recovery fines authorized",Y,Y,Y,Y,NV,NV,Y,Y,Y,Y,NV,Y,Y,Y,Y,NV,Y,Y,Y,Y,Y,Y,Y,Y,Y,Y,Y,NV,Y,NV,NV,Y,NV,Y
2017-03-07 05:00:00,"Motor vehicles, salvage or junk branded, advertisements, license or registration number required, penalties, unlicensed or unregistered entities prohibited from towing, impoundment authorized, cost recovery fines authorized",Y,Y,Y,Y,NV,NV,Y,Y,Y,Y,NV,Y,Y,Y,Y,NV,Y,Y,Y,Y,Y,Y,Y,Y,Y,Y,Y,NV,Y,NV,NV,Y,NV,Y
2017-03-07 05:00:00,"Motor vehicles, salvage or junk branded, advertisements, license or registration number required, penalties, unlicensed or unregistered entities prohibited from towing, impoundment authorized, cost recovery fines authorized",Y,Y,Y,Y,NV,NV,Y,Y,Y,Y,NV,Y,Y,Y,Y,NV,Y,Y,Y,Y,Y,Y,Y,Y,Y,Y,Y,NV,Y,NV,NV,Y,NV,Y
2017-03-16 04:00:00,"Permanent Joint Legislative Committee on Energy Policy, membership and duties revised, fund created for deposit of funds, creation fo office deleted, Secs. 29-2-270 to 29-2-275, inclusive, am'd.",Y,Y,Y,Y,Y,Y,Y,Y,NV,NV,Y,Y,Y,Y,Y,Y,Y,Y,Y,Y,NV,Y,Y,Y,Y,NV,NV,Y,Y,NV,Y,Y,Y,Y
2017-03-16 04:00:00,"Permanent Joint Legislative Committee on Energy Policy, membership and duties revised, fund created for deposit of funds, creation fo office deleted, Secs. 29-2-270 to 29-2-275, inclusive, am'd.",Y,Y,Y,Y,Y,Y,Y,Y,NV,NV,Y,Y,Y,Y,Y,Y,Y,Y,Y,Y,NV,Y,Y,Y,Y,NV,NV,Y,Y,NV,Y,Y,Y,Y
2017-03-16 04:00:00,"Nursing, Board of, loan repayment program for advanced-practice nurses, loan program authorized for certain currently certified nurses, Sec. 34-21-96 am'd.",Y,Y,Y,Y,Y,Y,Y,Y,NV,NV,Y,Y,Y,Y,Y,Y,Y,Y,Y,Y,NV,Y,Y,Y,Y,NV,NV,Y,Y,NV,Y,Y,Y,Y
2017-04-06 04:00:00,"Public schools, grant all professional educators' associations same level of access to employees of public schools",Y,Y,NV,Y,Y,Y,Y,Y,Y,Y,Y,Y,Y,NV,Y,Y,Y,Y,Y,Y,Y,NV,Y,Y,Y,Y,Y,NV,Y,Y,Y,Y,Y,Y
2017-04-06 04:00:00,"Class 5 municipalities, establish certified animal control officers, authorize imposition of civil penalties by",Y,Y,NV,Y,Y,Y,Y,Y,Y,Y,Y,Y,Y,NV,Y,Y,Y,Y,Y,Y,Y,NV,Y,Y,Y,Y,Y,NV,Y,Y,Y,Y,Y,Y
2017-04-06 04:00:00,"Class 5 municipalities, establish certified animal control officers, authorize imposition of civil penalties by",Y,Y,NV,Y,Y,Y,Y,Y,Y,Y,Y,Y,Y,NV,Y,Y,Y,Y,Y,Y,Y,NV,Y,Y,Y,Y,Y,NV,Y,Y,Y,Y,Y,Y
2017-03-16 04:00:00,"Medical services, establish the age of consent for medical research, Sec. 22-8-4 am'd.",Y,Y,Y,NV,Y,Y,Y,Y,NV,NV,Y,Y,Y,Y,Y,Y,Y,Y,Y,Y,NV,Y,Y,Y,Y,NV,NV,Y,Y,NV,Y,Y,Y,Y
2017-03-16 04:00:00,"Motor vehicles, Alabama Move Over Act, require vehicles to move over when approaching a parked Department of Transportation vehicle, Sec. 32-5A-58.2 am'd.",N,Y,Y,N,N,Y,Y,Y,NV,Y,NV,NV,Y,Y,N,NV,Y,NV,Y,Y,Y,NV,Y,Y,N,NV,NV,N,N,Y,N,Y,NV,Y
2017-03-16 04:00:00,"Motor vehicles, Alabama Move Over Act, require vehicles to move over when approaching a parked Department of Transportation vehicle, Sec. 32-5A-58.2 am'd.",Y,Y,Y,NV,Y,Y,Y,NV,NV,Y,NV,Y,Y,Y,Y,Y,Y,Y,Y,Y,Y,Y,Y,Y,Y,NV,NV,NV,Y,Y,Y,Y,NV,Y
2017-04-11 04:00:00,"Briarwood Presbyterian Church, authorized to hire certified law enforcement officers",N,NV,NV,Y,Y,Y,N,Y,Y,Y,Y,Y,Y,Y,Y,NV,Y,N,N,Y,Y,Y,Y,Y,Y,Y,NV,NV,NV,Y,Y,Y,NV,Y
2017-04-11 04:00:00,"Pharmacy, State Board of, inspectors renamed investigators, maximum fees increased, frequency of drug supply chain registration increased, further regulation of entities within drug supply chain provided, resale of compound drug products prohibited, Sec. 34-23-32.2 added; Secs. 34-23-152 to 34-23-157, inclusive, repealed; Secs. 20-2-9, 20-2-190, 34-23-1, 34-23-3, 34-23-9, 34-23-30, 34-23-32, 34-23-32.1, 34-23-33, 34-23-70, 34-23-92, 34-23-131, 34-23-159, 34-23-160, 34-23-162 am'd",Y,Y,NV,Y,Y,Y,Y,Y,Y,Y,NV,Y,Y,Y,Y,Y,Y,Y,Y,Y,Y,Y,Y,Y,Y,NV,Y,Y,Y,Y,Y,Y,Y,Y
2017-04-11 04:00:00,"Pharmacy, State Board of, inspectors renamed investigators, maximum fees increased, frequency of drug supply chain registration increased, further regulation of entities within drug supply chain provided, resale of compound drug products prohibited, Sec. 34-23-32.2 added; Secs. 34-23-152 to 34-23-157, inclusive, repealed; Secs. 20-2-9, 20-2-190, 34-23-1, 34-23-3, 34-23-9, 34-23-30, 34-23-32, 34-23-32.1, 34-23-33, 34-23-70, 34-23-92, 34-23-131, 34-23-159, 34-23-160, 34-23-162 am'd",Y,Y,NV,Y,Y,Y,Y,Y,Y,Y,NV,Y,Y,Y,Y,Y,Y,Y,Y,Y,Y,Y,Y,Y,Y,NV,Y,Y,Y,Y,Y,Y,Y,Y
2017-03-16 04:00:00,"Alabama Uniform Voidable Transfers Act, adopted, creditors, procedures to reach assets transferred to prevent seizure established, Secs. 8-9B-1 to 8-9B-17, inclusive, added",NV,Y,Y,Y,Y,Y,Y,Y,Y,Y,NV,Y,Y,Y,Y,Y,Y,Y,Y,Y,Y,Y,Y,Y,Y,NV,NV,Y,NV,NV,Y,Y,NV,Y
2017-04-06 04:00:00,"Income tax, irrigation project tax credit, add'l credit authorized with cap, Sec. 40-18-342 am'd.",NV,Y,NV,NV,Y,Y,Y,Y,Y,Y,Y,Y,Y,NV,Y,Y,Y,Y,Y,Y,Y,Y,Y,Y,Y,Y,Y,NV,Y,NV,Y,Y,Y,Y
2017-04-06 04:00:00,"Income tax, irrigation project tax credit, add'l credit authorized with cap, Sec. 40-18-342 am'd.",NV,N,NV,NV,Y,Y,Y,Y,Y,Y,Y,Y,N,NV,Y,Y,Y,Y,N,N,Y,Y,Y,Y,Y,Y,N,NV,Y,NV,Y,Y,NV,Y
2017-04-11 04:00:00,"Property, Uniform Condo Act, rights to developers and owners, specified, procedures for creation and management, Secs. 35-8A-102, 35-8A-103, 35-8A-105, 35-8A-106, 35-8A-107, 35-8A-201, 35-8A-205, 35-8A-208, 35-8A-209, 35-8A-210, 35-8A-211, 35-8A-214, 35-8A-215, 35-8A-218, 35-8A-220, 35-8A-302, 35-8A-303, 35-8A-304, 35-8A-305, 35-8A-307, 35-8A-310, 35-8A-311, 35-8A-312, 35-8A-313, 35-8A-314, 35-8A-315, 35-8A-316, 35-8A-317, 35-8A-318, 35-8A-401, 35-8A-402, 35-8A-403, 35-8A-404, 35-8A-406, 35-8A-407, 35-8A-408, 35-8A-409, 35-8A-411, 35-8A-412, 35-8A-413, 35-8A-415, 35-8A-417 am'd.",Y,Y,NV,Y,Y,Y,Y,Y,Y,Y,NV,Y,Y,Y,Y,Y,Y,Y,Y,Y,Y,Y,Y,Y,Y,NV,NV,Y,Y,Y,Y,Y,Y,Y
2017-04-11 04:00:00,"Property, Uniform Condo Act, rights to developers and owners, specified, procedures for creation and management, Secs. 35-8A-102, 35-8A-103, 35-8A-105, 35-8A-106, 35-8A-107, 35-8A-201, 35-8A-205, 35-8A-208, 35-8A-209, 35-8A-210, 35-8A-211, 35-8A-214, 35-8A-215, 35-8A-218, 35-8A-220, 35-8A-302, 35-8A-303, 35-8A-304, 35-8A-305, 35-8A-307, 35-8A-310, 35-8A-311, 35-8A-312, 35-8A-313, 35-8A-314, 35-8A-315, 35-8A-316, 35-8A-317, 35-8A-318, 35-8A-401, 35-8A-402, 35-8A-403, 35-8A-404, 35-8A-406, 35-8A-407, 35-8A-408, 35-8A-409, 35-8A-411, 35-8A-412, 35-8A-413, 35-8A-415, 35-8A-417 am'd.",Y,NV,NV,Y,Y,Y,Y,Y,Y,Y,NV,Y,Y,Y,Y,Y,Y,Y,Y,Y,Y,Y,Y,Y,Y,NV,NV,Y,Y,Y,Y,Y,Y,Y
2017-04-11 04:00:00,"Schools, influenza vaccine, local boards of education to provide information, Education Dept. to make information available, Sec. 16-1-49 added",Y,NV,NV,Y,Y,Y,Y,Y,Y,Y,NV,Y,Y,Y,Y,Y,NV,Y,Y,Y,Y,Y,Y,Y,Y,NV,Y,Y,Y,Y,Y,Y,Y,Y
2017-04-11 04:00:00,"Schools, influenza vaccine, local boards of education to provide information, Education Dept. to make information available, Sec. 16-1-49 added",Y,NV,NV,Y,Y,Y,Y,Y,Y,Y,NV,Y,Y,Y,Y,Y,NV,Y,Y,Y,Y,Y,Y,Y,Y,NV,Y,Y,Y,Y,Y,Y,Y,Y
2017-04-11 04:00:00,"Terrorist threats, crime further defined, specify that schools and churches are protected, Sec. 13A-10-15 am'd.",Y,NV,NV,Y,Y,Y,Y,Y,Y,Y,NV,Y,Y,Y,Y,Y,NV,Y,Y,NV,Y,Y,Y,Y,Y,NV,Y,Y,Y,Y,Y,Y,Y,Y
2017-04-06 04:00:00,"Education, civics test, requirement for graduation from high school",NV,N,NV,NV,Y,Y,Y,Y,Y,Y,Y,Y,N,NV,Y,Y,Y,Y,N,N,Y,Y,Y,Y,Y,Y,N,NV,Y,NV,Y,Y,NV,Y
2017-03-07 05:00:00,"Education, civics test, requirement for graduation from high school",Y,N,Y,Y,Y,Y,Y,NV,Y,Y,NV,Y,NV,Y,Y,Y,Y,Y,N,N,Y,Y,NV,NV,Y,N,N,N,Y,NV,NV,Y,NV,Y
2017-03-16 04:00:00,"Education, civics test, requirement for graduation from high school",N,N,Y,N,Y,Y,NV,Y,Y,Y,N,Y,Y,N,Y,Y,NV,Y,N,NV,Y,Y,N,Y,Y,NV,NV,N,N,Y,Y,Y,Y,Y
2017-04-06 04:00:00,"Education, civics test, requirement for graduation from high school",Y,Y,NV,NV,Y,Y,Y,Y,Y,Y,Y,Y,Y,NV,Y,Y,Y,Y,Y,Y,Y,NV,Y,Y,Y,Y,Y,NV,NV,Y,Y,Y,Y,Y
2017-02-23 05:00:00,"Shelby Co., county board of education and superintendent of education elected by electors residing outside of corporate limits of any city within a city board of education, city board of education elected by residents residing in city, const. amend.",NV,NV,Y,NV,NV,NV,NV,Y,NV,NV,NV,Y,NV,NV,NV,NV,Y,Y,Y,NV,NV,NV,N,NV,Y,NV,NV,NV,NV,NV,NV,Y,NV,Y
2017-02-28 05:00:00,"Shelby Co., county board of education and superintendent of education elected by electors residing outside of corporate limits of any city within a city board of education, city board of education elected by residents residing in city, const. amend.",NV,NV,NV,Y,NV,NV,NV,Y,Y,Y,NV,Y,NV,NV,Y,NV,Y,NV,Y,Y,NV,Y,Y,Y,Y,Y,NV,Y,Y,Y,Y,NV,Y,Y
2017-04-13 04:00:00,"Taxation, Alabama Eye Bank, exempt from state, county, and municipal sales and use taxes",Y,NV,NV,Y,NV,NV,Y,Y,Y,Y,Y,Y,Y,Y,Y,Y,Y,Y,Y,NV,NV,Y,Y,Y,Y,Y,Y,Y,NV,Y,Y,Y,NV,Y
2017-04-13 04:00:00,"Taxation, Alabama Eye Bank, exempt from state, county, and municipal sales and use taxes",Y,NV,NV,Y,NV,NV,Y,Y,Y,Y,Y,Y,Y,Y,Y,Y,Y,Y,Y,NV,NV,Y,Y,Y,Y,Y,Y,Y,NV,Y,Y,Y,NV,Y
2017-04-18 04:00:00,"Criminal procedure, appeals of capital punishment, reduce appeal time, Fair Justice Act",Y,N,NV,Y,Y,Y,Y,Y,Y,Y,Y,Y,N,Y,Y,Y,Y,Y,N,N,Y,Y,Y,Y,Y,Y,N,Y,Y,Y,Y,Y,NV,Y
2017-04-18 04:00:00,"Criminal procedure, appeals of capital punishment, reduce appeal time, Fair Justice Act",Y,N,NV,Y,Y,Y,Y,Y,Y,Y,Y,Y,N,Y,Y,Y,NV,Y,N,N,Y,Y,Y,Y,Y,Y,N,Y,Y,Y,Y,Y,Y,Y
2017-04-18 04:00:00,"Criminal procedure, appeals of capital punishment, reduce appeal time, Fair Justice Act",Y,Y,NV,Y,NV,Y,Y,Y,Y,Y,Y,Y,Y,Y,NV,Y,Y,Y,Y,Y,Y,Y,Y,Y,Y,Y,Y,Y,Y,Y,NV,Y,Y,Y
2017-04-13 04:00:00,"Taxation, sales and use tax, exemption from the sale of certain adaptive devises for the blind",NV,Y,NV,NV,NV,Y,Y,Y,Y,Y,Y,Y,Y,Y,Y,Y,Y,Y,NV,NV,Y,Y,Y,Y,NV,Y,Y,NV,NV,NV,Y,Y,Y,Y
2017-04-13 04:00:00,"Taxation, sales and use tax, exemption from the sale of certain adaptive devises for the blind",NV,Y,NV,Y,Y,Y,Y,Y,Y,Y,Y,Y,Y,Y,Y,Y,Y,Y,NV,NV,Y,Y,Y,Y,NV,Y,Y,NV,NV,NV,Y,Y,Y,Y
2017-04-13 04:00:00,"Taxation, sales and use tax, exemption from the sale of certain adaptive devises for the blind",NV,Y,NV,NV,NV,Y,Y,Y,Y,Y,Y,Y,Y,Y,Y,Y,Y,Y,NV,NV,Y,Y,Y,Y,NV,Y,Y,NV,NV,NV,Y,Y,Y,Y
2017-04-11 04:00:00,"Alabama Renewal Act, new qualified broadband telecommunication network facilities, provided for, nonrefundable, transferable income tax credit, provided for, certain exemptions provided for, certain earned, unused credits, authorized to be carried forward, process for claiming and transferring credit and exemptions provided for, act repealed following close of certain fiscal year, Sec. 40-18-415.1 added; Sec. 40-18-416 am'd.",Y,Y,NV,Y,Y,Y,Y,Y,Y,Y,NV,Y,Y,Y,Y,Y,Y,Y,Y,Y,Y,Y,Y,Y,Y,NV,Y,Y,Y,Y,Y,Y,Y,Y
2017-04-11 04:00:00,"Alabama Renewal Act, new qualified broadband telecommunication network facilities, provided for, nonrefundable, transferable income tax credit, provided for, certain exemptions provided for, certain earned, unused credits, authorized to be carried forward, process for claiming and transferring credit and exemptions provided for, act repealed following close of certain fiscal year, Sec. 40-18-415.1 added; Sec. 40-18-416 am'd.",Y,Y,NV,Y,Y,Y,Y,Y,Y,Y,NV,Y,Y,Y,Y,Y,Y,Y,Y,Y,Y,Y,Y,Y,Y,NV,Y,Y,Y,Y,Y,Y,Y,Y
2017-04-11 04:00:00,"Alabama Renewal Act, new qualified broadband telecommunication network facilities, provided for, nonrefundable, transferable income tax credit, provided for, certain exemptions provided for, certain earned, unused credits, authorized to be carried forward, process for claiming and transferring credit and exemptions provided for, act repealed following close of certain fiscal year, Sec. 40-18-415.1 added; Sec. 40-18-416 am'd.",Y,Y,NV,Y,Y,Y,Y,Y,Y,Y,NV,Y,Y,Y,Y,Y,Y,Y,Y,Y,N,Y,Y,Y,Y,NV,Y,Y,Y,Y,Y,Y,Y,Y
2017-03-14 04:00:00,"Law Enforcement Agency, drivers' license office, operational in each county a minimum of one day each week",Y,Y,Y,N,Y,NV,Y,Y,Y,Y,NV,Y,Y,NV,NV,N,Y,NV,NV,Y,Y,NV,Y,Y,NV,Y,Y,Y,NV,Y,N,Y,NV,Y
2017-04-11 04:00:00,"Income tax credits, increase for rural physicians and dentists, Secs. 40-18-130 to 40-18-132, inclusive, am'd.",Y,NV,NV,Y,Y,Y,Y,Y,Y,Y,NV,Y,Y,Y,Y,Y,Y,Y,Y,Y,Y,Y,Y,Y,Y,NV,NV,Y,Y,Y,Y,Y,Y,Y
2017-04-11 04:00:00,"Income tax credits, increase for rural physicians and dentists, Secs. 40-18-130 to 40-18-132, inclusive, am'd.",Y,NV,NV,NV,Y,Y,Y,Y,Y,Y,NV,Y,Y,Y,Y,Y,Y,Y,Y,Y,Y,Y,Y,Y,Y,NV,NV,Y,Y,Y,Y,Y,Y,Y
2017-03-09 05:00:00,"Traffic stops, racial profiling by law enforcement officers, prohibited, written policies, forms for statistics, and reports to Attorney General required, provision for complaints",Y,Y,Y,N,NV,Y,Y,Y,Y,NV,NV,Y,Y,N,NV,Y,Y,Y,Y,Y,NV,NV,Y,Y,Y,NV,Y,Y,NV,Y,NV,Y,NV,NV
2017-03-16 04:00:00,"Motor vehicles, Driver's licenses, examination, drowsy driving, requirement that permit manual and State Dept. of Edu. driver's edcuation courses include",NV,Y,Y,Y,Y,Y,Y,Y,Y,Y,NV,Y,Y,Y,Y,Y,Y,Y,Y,Y,Y,Y,Y,Y,Y,NV,NV,Y,NV,NV,Y,Y,NV,Y
2017-03-16 04:00:00,"Motor vehicles, Driver's licenses, examination, drowsy driving, requirement that permit manual and State Dept. of Edu. driver's edcuation courses include",NV,Y,Y,Y,Y,Y,Y,Y,Y,Y,NV,Y,Y,Y,Y,Y,Y,Y,Y,Y,Y,Y,Y,Y,Y,NV,NV,Y,NV,NV,Y,Y,NV,Y
2017-03-15 04:00:00,"Alcoholic beverages, brewpubs and manufacturers not required to maintain certain demographic information for certain sales, Secs. 28-3A-6, 28-4A-3 am'd.",Y,NV,Y,Y,NV,Y,Y,NV,Y,Y,Y,Y,Y,Y,Y,NV,Y,Y,Y,Y,NV,NV,Y,Y,Y,Y,NV,NV,Y,Y,Y,Y,Y,Y
2017-03-15 04:00:00,"Alcoholic beverages, brewpubs and manufacturers not required to maintain certain demographic information for certain sales, Secs. 28-3A-6, 28-4A-3 am'd.",Y,NV,Y,Y,NV,Y,Y,NV,Y,Y,Y,Y,Y,Y,Y,NV,Y,Y,NV,Y,NV,NV,Y,Y,Y,Y,NV,NV,Y,Y,Y,Y,NV,Y
2017-03-14 04:00:00,"DeKalb Co. Septic Tank Bond Fund, repealed, distrib. of existing funds, Sec. 45-25-170 repealed",Y,NV,NV,Y,NV,NV,Y,NV,Y,Y,NV,Y,NV,NV,NV,NV,Y,NV,NV,Y,Y,NV,Y,Y,Y,Y,Y,NV,Y,Y,NV,Y,NV,Y
2017-04-04 04:00:00,"Hytop, corp. limits alt.",Y,NV,NV,Y,NV,NV,NV,Y,Y,NV,Y,Y,Y,Y,Y,NV,Y,Y,Y,Y,NV,Y,Y,Y,NV,Y,NV,NV,Y,Y,Y,Y,Y,Y
2017-04-13 04:00:00,"Russell Co., sheriff, annual salary",Y,NV,NV,Y,Y,NV,NV,Y,Y,Y,NV,Y,Y,Y,Y,NV,Y,Y,Y,NV,NV,Y,Y,Y,Y,Y,NV,NV,Y,Y,Y,Y,Y,Y
2017-04-11 04:00:00,"State Parking Deck Authority, maturity date for bonds further provided for, specifications of state parking deck altered, transfer to General Fund from Authority's reserve fund, Secs. 41-10-490, 41-10-497, 41-10-500, 41-10-502, 41-10-513, 41-10-516 am'd.",N,NV,NV,N,N,Y,N,Y,Y,Y,NV,Y,Y,NV,Y,Y,Y,N,Y,N,N,Y,Y,Y,Y,Y,NV,NV,Y,N,Y,Y,NV,Y
2017-04-06 04:00:00,"State Parking Deck Authority, maturity date for bonds further provided for, specifications of state parking deck altered, transfer to General Fund from Authority's reserve fund, Secs. 41-10-490, 41-10-497, 41-10-500, 41-10-502, 41-10-513, 41-10-516 am'd.",Y,Y,NV,Y,Y,Y,Y,Y,Y,Y,NV,Y,Y,Y,Y,Y,Y,Y,NV,Y,NV,Y,Y,Y,Y,Y,Y,NV,Y,NV,Y,NV,NV,Y
2017-04-11 04:00:00,"Taxation, Wiregrass Christian Youth Camp, Inc., exempt from state, county, and municipal sales and use taxes",Y,NV,NV,Y,Y,Y,Y,Y,Y,Y,NV,Y,Y,Y,Y,Y,Y,Y,Y,Y,Y,Y,Y,Y,Y,NV,Y,Y,Y,Y,Y,Y,Y,Y
2017-04-11 04:00:00,"Taxation, Wiregrass Christian Youth Camp, Inc., exempt from state, county, and municipal sales and use taxes",Y,NV,NV,Y,Y,Y,Y,Y,Y,Y,NV,Y,Y,Y,Y,Y,Y,Y,Y,Y,Y,Y,Y,Y,Y,NV,Y,Y,Y,Y,Y,Y,Y,Y
2017-03-07 05:00:00,"Chiropractic Examiners, State Board of, powers and duties, rulemaking authority clarified with regard to anticompetitive rules that prioritize patient safety and wellness, Sec. 34-24-140.1 added",Y,Y,Y,Y,Y,Y,Y,Y,NV,Y,Y,Y,Y,Y,Y,Y,Y,Y,Y,Y,Y,NV,Y,Y,Y,Y,Y,Y,NV,NV,NV,Y,NV,Y
2017-04-06 04:00:00,"Zoning, board of zoning adjustment, appeals required to be filed with circuit court, Sec. 11-52-81 am'd.",NV,Y,NV,Y,Y,NV,Y,Y,Y,NV,Y,Y,Y,NV,Y,Y,Y,Y,Y,Y,Y,Y,Y,Y,Y,Y,Y,Y,Y,NV,Y,Y,Y,NV
2017-02-21 05:00:00,"Accountability Act of 2013, cap on income tax credits increased, credit against utility gross receipts tax liability for donations to scholarship granting organizations created, audits of scholarship granting entities required, Secs. 16-6D-3, 16-6D-4, 16-6D-6, 16-6D-8, 16-6D-9 am'd.",Y,Y,Y,Y,Y,Y,Y,Y,Y,Y,Y,Y,NV,Y,Y,Y,Y,NV,Y,NV,Y,Y,NV,Y,Y,Y,NV,Y,Y,Y,Y,Y,Y,Y
2017-02-23 05:00:00,"Accountability Act of 2013, cap on income tax credits increased, credit against utility gross receipts tax liability for donations to scholarship granting organizations created, audits of scholarship granting entities required, Secs. 16-6D-3, 16-6D-4, 16-6D-6, 16-6D-8, 16-6D-9 am'd.",N,N,N,Y,Y,Y,Y,Y,Y,Y,NV,Y,N,Y,Y,Y,N,N,N,N,Y,Y,Y,Y,Y,NV,N,N,N,N,NV,N,Y,N
2017-02-23 05:00:00,"Accountability Act of 2013, cap on income tax credits increased, credit against utility gross receipts tax liability for donations to scholarship granting organizations created, audits of scholarship granting entities required, Secs. 16-6D-3, 16-6D-4, 16-6D-6, 16-6D-8, 16-6D-9 am'd.",Y,Y,Y,Y,Y,Y,Y,Y,Y,Y,NV,Y,Y,Y,Y,Y,Y,Y,Y,Y,Y,Y,Y,Y,Y,NV,Y,Y,Y,Y,NV,NV,Y,Y
2017-03-07 05:00:00,"Motor vehicle dealers, new franchise act, recall repairs, payments for used vehicles of same make, payment to hold under Stop-Sale Order if parts not available, Sec. 8-20-7.1 added",Y,Y,Y,Y,Y,Y,Y,Y,NV,Y,Y,Y,Y,Y,Y,Y,Y,Y,Y,Y,Y,NV,Y,Y,Y,Y,Y,Y,Y,NV,NV,Y,NV,Y
2017-03-07 05:00:00,"Motor vehicle dealers, new franchise act, recall repairs, payments for used vehicles of same make, payment to hold under Stop-Sale Order if parts not available, Sec. 8-20-7.1 added",Y,Y,Y,Y,Y,Y,Y,Y,NV,Y,Y,Y,Y,Y,Y,Y,Y,Y,Y,Y,Y,NV,Y,Y,Y,Y,Y,Y,NV,NV,NV,Y,NV,Y
2017-03-07 05:00:00,"United Way and united appeal funds, tax exemption from all taxes, certain existing funds deemed included, Tax Exemption Reform Act of 2017, Sec. 40-9-12 am'd.",Y,Y,Y,Y,NV,NV,Y,Y,Y,Y,NV,Y,Y,Y,Y,NV,Y,Y,Y,Y,Y,Y,Y,Y,Y,Y,Y,NV,Y,NV,NV,Y,NV,Y
2017-03-07 05:00:00,"United Way and united appeal funds, tax exemption from all taxes, certain existing funds deemed included, Tax Exemption Reform Act of 2017, Sec. 40-9-12 am'd.",Y,Y,Y,Y,NV,NV,Y,Y,Y,Y,NV,Y,Y,Y,Y,NV,Y,Y,Y,Y,Y,Y,Y,Y,Y,Y,Y,NV,Y,NV,NV,Y,NV,Y
2017-04-11 04:00:00,"Municipal courts, pretrial diversion program, voluntary transfer authorized",Y,NV,NV,Y,Y,Y,Y,Y,Y,Y,NV,Y,Y,Y,Y,Y,Y,Y,Y,Y,Y,Y,Y,Y,Y,NV,NV,Y,Y,Y,Y,Y,Y,Y
2017-04-06 04:00:00,"Crimes and offenses, Rape 1st degree, parental rights of defendant of child, terminated, Sec. 13A-6-61 am'd.",Y,Y,NV,NV,Y,Y,Y,Y,Y,Y,Y,Y,Y,NV,Y,Y,Y,Y,Y,Y,Y,NV,Y,NV,Y,Y,Y,NV,NV,Y,Y,Y,Y,Y
2017-04-06 04:00:00,"Crimes and offenses, Rape 1st degree, parental rights of defendant of child, terminated, Sec. 13A-6-61 am'd.",Y,Y,NV,NV,Y,Y,Y,Y,Y,Y,Y,Y,Y,NV,Y,Y,Y,Y,Y,Y,Y,NV,Y,NV,Y,Y,Y,NV,NV,Y,Y,Y,Y,Y
2017-04-06 04:00:00,"Medicaid, inmates in co. jails and under juvenile court, Medicaid eligibility suspended, not terminated, temporary reinstatement for med. care, payment of costs",Y,Y,NV,NV,Y,Y,Y,Y,Y,Y,Y,Y,Y,NV,Y,Y,Y,Y,Y,Y,Y,NV,Y,Y,Y,Y,Y,NV,NV,Y,Y,Y,Y,Y
2017-04-06 04:00:00,"Medicaid, inmates in co. jails and under juvenile court, Medicaid eligibility suspended, not terminated, temporary reinstatement for med. care, payment of costs",Y,Y,NV,NV,Y,Y,Y,Y,Y,Y,Y,Y,Y,NV,Y,Y,Y,Y,Y,Y,Y,NV,Y,Y,Y,Y,Y,NV,NV,Y,Y,Y,Y,Y
2017-03-16 04:00:00,"Class 8 municipalities, weeds, abatement, alternative procedures to declare a public nuisance after prior abatement",Y,NV,Y,Y,Y,Y,NV,Y,Y,Y,Y,Y,Y,Y,Y,Y,Y,Y,Y,Y,NV,Y,Y,Y,Y,NV,NV,Y,Y,Y,Y,Y,NV,Y
2017-03-16 04:00:00,"Class 8 municipalities, weeds, abatement, alternative procedures to declare a public nuisance after prior abatement",Y,NV,Y,Y,Y,Y,NV,Y,Y,Y,Y,Y,Y,Y,Y,Y,Y,Y,Y,Y,NV,Y,Y,Y,Y,NV,NV,Y,Y,Y,Y,Y,NV,Y
2017-03-07 05:00:00,"Physician agreement, not subject to regulation as insurance, license to sell or market not required, requirements for agreement established, discontinuance of services under the agreement, Ala. Physicians Direct Pay Act",Y,Y,Y,Y,NV,NV,Y,Y,Y,Y,NV,Y,Y,Y,Y,NV,Y,Y,Y,Y,Y,Y,Y,Y,Y,Y,Y,NV,Y,NV,NV,Y,NV,Y
2017-03-07 05:00:00,"Physician agreement, not subject to regulation as insurance, license to sell or market not required, requirements for agreement established, discontinuance of services under the agreement, Ala. Physicians Direct Pay Act",Y,Y,Y,Y,NV,NV,Y,Y,Y,Y,NV,Y,Y,Y,Y,NV,Y,Y,Y,Y,Y,Y,Y,Y,Y,Y,Y,NV,Y,NV,NV,Y,NV,Y
2017-02-21 05:00:00,"Education, Kyle Graddy Act, administration of single dose autoinjectable epinephrine on K-12 school campuses by students and pursuant to anaphylaxis preparedness program provided, Secs. 16-1-39, 16-1-48 am'd",Y,Y,Y,Y,Y,Y,Y,Y,Y,Y,Y,Y,NV,Y,Y,Y,Y,Y,Y,NV,Y,Y,NV,Y,Y,Y,NV,Y,Y,Y,Y,Y,Y,Y
2017-04-06 04:00:00,"Taxation, sales and use taxes, Southern Research Institute exempt from state, county, and municipal taxes",Y,Y,NV,NV,Y,Y,Y,Y,Y,Y,Y,Y,Y,NV,Y,Y,Y,Y,Y,Y,Y,NV,Y,Y,Y,Y,Y,NV,NV,Y,Y,Y,Y,Y
2017-03-14 04:00:00,"Prisons and prisoners, medical parole, eligibility for certain prisoners suffering from chronic life-threatening illnesses",Y,Y,Y,NV,Y,Y,Y,Y,Y,Y,Y,Y,Y,Y,Y,Y,Y,Y,Y,Y,Y,Y,N,Y,Y,Y,Y,NV,Y,Y,N,Y,Y,Y
2017-03-14 04:00:00,"Prisons and prisoners, medical parole, eligibility for certain prisoners suffering from chronic life-threatening illnesses",Y,Y,Y,N,Y,Y,Y,Y,Y,Y,Y,NV,Y,N,Y,Y,Y,NV,Y,Y,Y,Y,N,Y,Y,Y,NV,NV,Y,N,N,NV,Y,N
2017-03-09 05:00:00,"Tax preparers, required to provide federal identification number on Alabama income tax returns, business privilege tax return date made the same for state and federal returns, the maximum business privilege tax amount for a Real Estate Investment Trust (REIT); the name of the Taxpayer Advocate changed to the Taxpayer Assistance Officer, and allows for multiple Taxpayer Assistance Officers.",NV,Y,Y,Y,Y,Y,Y,Y,Y,NV,Y,Y,Y,Y,Y,Y,Y,Y,NV,Y,NV,Y,Y,NV,Y,Y,Y,Y,Y,NV,Y,Y,Y,Y
2017-03-09 05:00:00,"Tax preparers, required to provide federal identification number on Alabama income tax returns, business privilege tax return date made the same for state and federal returns, the maximum business privilege tax amount for a Real Estate Investment Trust (REIT); the name of the Taxpayer Advocate changed to the Taxpayer Assistance Officer, and allows for multiple Taxpayer Assistance Officers.",NV,Y,Y,Y,Y,Y,Y,Y,Y,NV,Y,Y,Y,Y,Y,NV,Y,Y,NV,Y,NV,NV,Y,NV,Y,Y,Y,Y,Y,NV,Y,Y,Y,Y
2017-04-06 04:00:00,"Taxation, Josh Willingham Foundation, exempt from sales and use taxes",Y,Y,NV,Y,Y,Y,Y,Y,Y,Y,Y,Y,Y,NV,Y,Y,Y,Y,Y,Y,Y,NV,Y,Y,Y,Y,Y,NV,Y,Y,Y,Y,Y,Y
2017-04-06 04:00:00,"Taxation, Josh Willingham Foundation, exempt from sales and use taxes",Y,Y,NV,Y,Y,Y,Y,Y,Y,Y,Y,Y,Y,NV,Y,Y,Y,Y,Y,Y,Y,NV,Y,Y,Y,Y,Y,NV,Y,Y,Y,Y,Y,Y
2017-04-06 04:00:00,"Neighborhood Infrastructure Authorities, municipalities, assessments for neighborhood infrastructure revitalization projects, income tax credits, expiration date deleted, Secs. 11-71-11, 11-71-12 am'd.",Y,Y,NV,NV,Y,Y,NV,Y,Y,Y,Y,Y,Y,NV,Y,Y,Y,Y,Y,Y,Y,NV,Y,NV,Y,Y,Y,NV,NV,Y,Y,Y,Y,Y
2017-04-06 04:00:00,"Neighborhood Infrastructure Authorities, municipalities, assessments for neighborhood infrastructure revitalization projects, income tax credits, expiration date deleted, Secs. 11-71-11, 11-71-12 am'd.",Y,Y,NV,NV,Y,Y,NV,Y,Y,Y,Y,Y,Y,NV,Y,Y,Y,Y,Y,Y,Y,NV,Y,NV,Y,Y,Y,NV,NV,NV,Y,Y,Y,Y
2017-04-06 04:00:00,"Motor vehicles, abandoned, require a notice of appeal to contest the sale of be filed in circuit court in county where sale is scheduled, Sec. 32-13-4 am'd.",NV,Y,NV,Y,Y,NV,Y,Y,Y,NV,Y,Y,Y,NV,Y,Y,Y,Y,Y,Y,Y,Y,Y,Y,Y,Y,Y,Y,Y,NV,Y,Y,Y,Y
2017-03-15 04:00:00,"Hale Co., probate office, add'l transaction fees, co. commission authorized to establish, distrib.",Y,Y,Y,Y,NV,NV,NV,Y,NV,NV,Y,Y,Y,Y,Y,NV,Y,NV,Y,Y,Y,Y,Y,Y,Y,Y,NV,NV,Y,Y,Y,Y,NV,Y
2017-03-16 04:00:00,"Lowndes Co., sheriff, expense allowance, provided for, convert to salary upon next term of office",Y,Y,NV,Y,NV,Y,NV,Y,Y,NV,NV,Y,Y,Y,Y,NV,Y,NV,NV,Y,NV,Y,Y,Y,Y,NV,NV,Y,Y,Y,Y,Y,NV,Y
2017-03-16 04:00:00,"Stevenson, alcoholic beverages, Sunday sales, city council authorized to regulate",Y,Y,NV,Y,NV,Y,NV,NV,Y,NV,NV,Y,Y,Y,Y,NV,Y,NV,NV,Y,NV,Y,Y,Y,Y,NV,NV,Y,Y,Y,Y,Y,NV,Y
2017-02-23 05:00:00,"Capital cases, sentencing, court prohibited from overriding jury verdict, Secs. 13A-5-45, 13A-5-46, 13A-5-47 am'd.",Y,N,Y,Y,Y,NV,Y,Y,Y,Y,NV,Y,N,Y,Y,Y,Y,Y,N,N,Y,Y,Y,NV,NV,NV,N,NV,Y,NV,Y,Y,Y,Y
2017-02-23 05:00:00,"Capital cases, sentencing, court prohibited from overriding jury verdict, Secs. 13A-5-45, 13A-5-46, 13A-5-47 am'd.",Y,Y,Y,Y,Y,Y,Y,Y,Y,Y,NV,Y,Y,Y,Y,Y,Y,Y,Y,Y,N,Y,Y,Y,NV,NV,Y,Y,Y,NV,Y,Y,Y,Y
2017-02-21 05:00:00,"Schedule I controlled substances, Fentanyl and Fentanyl analogues included, criminal penalties for trafficking, Secs. 13A-12-211, 13A-12-212, 13A-12-231, 20-2-23 am'd.",Y,Y,Y,Y,Y,Y,Y,Y,Y,Y,Y,Y,NV,Y,Y,Y,Y,Y,Y,NV,Y,Y,NV,Y,Y,Y,NV,Y,Y,Y,Y,Y,Y,Y
2017-04-04 04:00:00,"Russell Co., sheriff, Sheriff Service of Process Fund, created, service of process, further provided for, sheriff may contract for service, fees, disposition of funds",Y,NV,NV,Y,NV,NV,NV,Y,Y,NV,Y,Y,Y,Y,Y,NV,Y,Y,Y,Y,NV,Y,Y,Y,NV,Y,NV,NV,Y,Y,Y,Y,Y,Y
2017-03-16 04:00:00,"Colleges and universities, prohibit from requiring resident of state who lives within 75 miles of campus to live on campus",Y,N,N,Y,Y,N,Y,N,N,Y,N,N,N,Y,Y,Y,N,Y,Y,N,Y,Y,N,N,N,NV,NV,Y,NV,N,N,N,NV,N
2017-03-15 04:00:00,"Colleges and universities, prohibit from requiring resident of state who lives within 75 miles of campus to live on campus",Y,NV,Y,Y,NV,Y,Y,NV,Y,Y,Y,Y,Y,Y,Y,NV,Y,Y,Y,Y,Y,NV,Y,Y,Y,Y,NV,NV,Y,Y,Y,Y,Y,Y
2017-03-16 04:00:00,"Insurance Dept. Risk-Based Capital Act, information obtained privileged, Holding Company System Regulatory Act, exception for enterprise reports deleted, Commissioner authorized to share information with NAIC, legal authority for group-wide supervisor for international insurance groups, Sec. 27-29-6.2 added; Secs. 27-2B-9, 27-29-1, 27-29-4, 27-29-7 am'd.",Y,Y,Y,NV,Y,Y,Y,Y,NV,NV,Y,Y,Y,Y,Y,Y,Y,Y,Y,Y,NV,Y,Y,Y,Y,NV,NV,Y,Y,NV,Y,Y,Y,Y
2017-02-21 05:00:00,"Sales tax holiday for school items, dates amended, Secs. 40-23-211, 40-23-213 am'd.",Y,Y,Y,Y,Y,Y,Y,Y,Y,Y,Y,Y,NV,Y,Y,Y,Y,Y,Y,NV,Y,Y,NV,Y,Y,Y,NV,Y,Y,Y,Y,Y,Y,Y
2017-03-16 04:00:00,"Legislative Council, quorum, vote requirements, Sec. 29-6-3 am'd.",Y,Y,Y,NV,Y,Y,Y,Y,NV,NV,Y,Y,Y,Y,Y,Y,Y,Y,NV,Y,NV,Y,Y,Y,NV,NV,NV,Y,Y,NV,Y,Y,NV,Y
2017-03-16 04:00:00,"Cullman Co., parks owned by county, Cullman Co. Park Event Disbursement Fund, remaining funds after disbursement to event winners made, further provided for, Sec. 45-22-222 am'd.",Y,Y,NV,Y,NV,Y,NV,NV,Y,NV,NV,Y,Y,Y,Y,NV,Y,NV,NV,Y,NV,Y,Y,Y,Y,NV,NV,Y,Y,Y,Y,Y,NV,Y
2017-03-16 04:00:00,"Prisons, Alabama Prison Transformation Initiative Act, construction of new facilities provided for, Joint Legislative Prison Committee, reporting requirements increased, Alabama Corrections Institution Finance Authority, bonds authorized for prison facilities, construction agreements, renovating and demolishing existing prison facilities, proceeds on existing one mill tax, distribution further provided for, Sec. 11-101A-8.1 added; Secs. 11-101A-1, 11-101A-2, 11-101A-4, 11-101A-8, 14-2-1, 14-2-6, 14-2-12, 14-2-13.1, 14-2-14, 14-2-16, 14-2-19, 14-2-21, 14-2-28, 14-2-34, 28-3-201, 28-3-202, 28-3-204, 29-2-20, 38-4-12, 40-8-3 am'd.",Y,N,N,NV,Y,Y,NV,Y,Y,Y,Y,Y,Y,Y,Y,Y,Y,Y,NV,N,NV,Y,Y,Y,Y,NV,NV,N,Y,Y,Y,NV,Y,Y
2017-03-16 04:00:00,"Prisons, Alabama Prison Transformation Initiative Act, construction of new facilities provided for, Joint Legislative Prison Committee, reporting requirements increased, Alabama Corrections Institution Finance Authority, bonds authorized for prison facilities, construction agreements, renovating and demolishing existing prison facilities, proceeds on existing one mill tax, distribution further provided for, Sec. 11-101A-8.1 added; Secs. 11-101A-1, 11-101A-2, 11-101A-4, 11-101A-8, 14-2-1, 14-2-6, 14-2-12, 14-2-13.1, 14-2-14, 14-2-16, 14-2-19, 14-2-21, 14-2-28, 14-2-34, 28-3-201, 28-3-202, 28-3-204, 29-2-20, 38-4-12, 40-8-3 am'd.",Y,N,Y,Y,Y,N,Y,N,N,N,N,N,N,Y,N,N,N,Y,N,N,NV,N,N,N,N,N,NV,Y,Y,N,N,N,N,N
2017-03-16 04:00:00,"Prisons, Alabama Prison Transformation Initiative Act, construction of new facilities provided for, Joint Legislative Prison Committee, reporting requirements increased, Alabama Corrections Institution Finance Authority, bonds authorized for prison facilities, construction agreements, renovating and demolishing existing prison facilities, proceeds on existing one mill tax, distribution further provided for, Sec. 11-101A-8.1 added; Secs. 11-101A-1, 11-101A-2, 11-101A-4, 11-101A-8, 14-2-1, 14-2-6, 14-2-12, 14-2-13.1, 14-2-14, 14-2-16, 14-2-19, 14-2-21, 14-2-28, 14-2-34, 28-3-201, 28-3-202, 28-3-204, 29-2-20, 38-4-12, 40-8-3 am'd.",Y,Y,Y,Y,Y,Y,Y,Y,NV,Y,NV,Y,Y,Y,Y,Y,Y,Y,Y,Y,NV,Y,Y,Y,Y,NV,NV,NV,NV,Y,Y,Y,Y,Y
2017-03-16 04:00:00,"Prisons, Alabama Prison Transformation Initiative Act, construction of new facilities provided for, Joint Legislative Prison Committee, reporting requirements increased, Alabama Corrections Institution Finance Authority, bonds authorized for prison facilities, construction agreements, renovating and demolishing existing prison facilities, proceeds on existing one mill tax, distribution further provided for, Sec. 11-101A-8.1 added; Secs. 11-101A-1, 11-101A-2, 11-101A-4, 11-101A-8, 14-2-1, 14-2-6, 14-2-12, 14-2-13.1, 14-2-14, 14-2-16, 14-2-19, 14-2-21, 14-2-28, 14-2-34, 28-3-201, 28-3-202, 28-3-204, 29-2-20, 38-4-12, 40-8-3 am'd.",Y,Y,Y,Y,Y,Y,Y,Y,NV,Y,NV,Y,Y,Y,Y,Y,Y,Y,Y,Y,NV,Y,Y,Y,Y,NV,NV,NV,NV,Y,Y,Y,Y,Y
2017-03-16 04:00:00,"Prisons, Alabama Prison Transformation Initiative Act, construction of new facilities provided for, Joint Legislative Prison Committee, reporting requirements increased, Alabama Corrections Institution Finance Authority, bonds authorized for prison facilities, construction agreements, renovating and demolishing existing prison facilities, proceeds on existing one mill tax, distribution further provided for, Sec. 11-101A-8.1 added; Secs. 11-101A-1, 11-101A-2, 11-101A-4, 11-101A-8, 14-2-1, 14-2-6, 14-2-12, 14-2-13.1, 14-2-14, 14-2-16, 14-2-19, 14-2-21, 14-2-28, 14-2-34, 28-3-201, 28-3-202, 28-3-204, 29-2-20, 38-4-12, 40-8-3 am'd.",Y,Y,Y,Y,NV,Y,Y,Y,NV,Y,NV,Y,Y,Y,Y,Y,Y,Y,Y,Y,NV,Y,Y,NV,Y,NV,NV,NV,NV,Y,Y,Y,Y,Y
2017-03-16 04:00:00,"Prisons, Alabama Prison Transformation Initiative Act, construction of new facilities provided for, Joint Legislative Prison Committee, reporting requirements increased, Alabama Corrections Institution Finance Authority, bonds authorized for prison facilities, construction agreements, renovating and demolishing existing prison facilities, proceeds on existing one mill tax, distribution further provided for, Sec. 11-101A-8.1 added; Secs. 11-101A-1, 11-101A-2, 11-101A-4, 11-101A-8, 14-2-1, 14-2-6, 14-2-12, 14-2-13.1, 14-2-14, 14-2-16, 14-2-19, 14-2-21, 14-2-28, 14-2-34, 28-3-201, 28-3-202, 28-3-204, 29-2-20, 38-4-12, 40-8-3 am'd.",Y,Y,Y,Y,Y,Y,Y,Y,NV,Y,NV,Y,Y,Y,Y,Y,Y,Y,Y,Y,NV,Y,Y,Y,Y,NV,NV,NV,NV,Y,Y,Y,Y,Y
2017-03-16 04:00:00,"Prisons, Alabama Prison Transformation Initiative Act, construction of new facilities provided for, Joint Legislative Prison Committee, reporting requirements increased, Alabama Corrections Institution Finance Authority, bonds authorized for prison facilities, construction agreements, renovating and demolishing existing prison facilities, proceeds on existing one mill tax, distribution further provided for, Sec. 11-101A-8.1 added; Secs. 11-101A-1, 11-101A-2, 11-101A-4, 11-101A-8, 14-2-1, 14-2-6, 14-2-12, 14-2-13.1, 14-2-14, 14-2-16, 14-2-19, 14-2-21, 14-2-28, 14-2-34, 28-3-201, 28-3-202, 28-3-204, 29-2-20, 38-4-12, 40-8-3 am'd.",Y,Y,Y,Y,NV,Y,Y,Y,NV,Y,NV,Y,Y,Y,Y,Y,Y,Y,Y,Y,NV,Y,Y,NV,Y,NV,NV,NV,NV,Y,Y,Y,Y,Y
2017-03-16 04:00:00,"Prisons, Alabama Prison Transformation Initiative Act, construction of new facilities provided for, Joint Legislative Prison Committee, reporting requirements increased, Alabama Corrections Institution Finance Authority, bonds authorized for prison facilities, construction agreements, renovating and demolishing existing prison facilities, proceeds on existing one mill tax, distribution further provided for, Sec. 11-101A-8.1 added; Secs. 11-101A-1, 11-101A-2, 11-101A-4, 11-101A-8, 14-2-1, 14-2-6, 14-2-12, 14-2-13.1, 14-2-14, 14-2-16, 14-2-19, 14-2-21, 14-2-28, 14-2-34, 28-3-201, 28-3-202, 28-3-204, 29-2-20, 38-4-12, 40-8-3 am'd.",Y,Y,Y,Y,NV,Y,Y,Y,NV,Y,NV,Y,Y,Y,Y,Y,Y,Y,Y,Y,NV,Y,Y,NV,Y,NV,NV,NV,NV,Y,Y,Y,Y,Y
2017-03-16 04:00:00,"Prisons, Alabama Prison Transformation Initiative Act, construction of new facilities provided for, Joint Legislative Prison Committee, reporting requirements increased, Alabama Corrections Institution Finance Authority, bonds authorized for prison facilities, construction agreements, renovating and demolishing existing prison facilities, proceeds on existing one mill tax, distribution further provided for, Sec. 11-101A-8.1 added; Secs. 11-101A-1, 11-101A-2, 11-101A-4, 11-101A-8, 14-2-1, 14-2-6, 14-2-12, 14-2-13.1, 14-2-14, 14-2-16, 14-2-19, 14-2-21, 14-2-28, 14-2-34, 28-3-201, 28-3-202, 28-3-204, 29-2-20, 38-4-12, 40-8-3 am'd.",Y,Y,Y,Y,NV,Y,Y,Y,NV,Y,NV,Y,Y,Y,Y,Y,Y,Y,Y,Y,NV,Y,Y,NV,Y,NV,NV,NV,NV,Y,Y,Y,Y,Y
2017-03-16 04:00:00,"Prisons, Alabama Prison Transformation Initiative Act, construction of new facilities provided for, Joint Legislative Prison Committee, reporting requirements increased, Alabama Corrections Institution Finance Authority, bonds authorized for prison facilities, construction agreements, renovating and demolishing existing prison facilities, proceeds on existing one mill tax, distribution further provided for, Sec. 11-101A-8.1 added; Secs. 11-101A-1, 11-101A-2, 11-101A-4, 11-101A-8, 14-2-1, 14-2-6, 14-2-12, 14-2-13.1, 14-2-14, 14-2-16, 14-2-19, 14-2-21, 14-2-28, 14-2-34, 28-3-201, 28-3-202, 28-3-204, 29-2-20, 38-4-12, 40-8-3 am'd.",N,N,N,Y,N,Y,Y,Y,Y,Y,Y,Y,Y,N,Y,Y,Y,Y,Y,N,N,Y,Y,Y,Y,Y,NV,N,N,Y,Y,Y,N,Y
2017-03-07 05:00:00,"Manufacturers and dealers of boats, boat trailers, add'l authorization to provide temporary license plates and registration certificates, when sold out of state, Sec. 32-6-212 am'd.",Y,Y,Y,Y,Y,NV,Y,NV,Y,Y,NV,Y,Y,NV,Y,Y,Y,Y,NV,Y,NV,Y,Y,NV,Y,Y,Y,NV,NV,NV,NV,Y,NV,Y
2017-03-09 05:00:00,"Drugs, prescription, exempt from business license tax based on gross receipts, Sec. 40-23-4.1 am'd.",Y,Y,Y,NV,Y,Y,NV,Y,Y,NV,Y,Y,Y,Y,Y,N,Y,NV,NV,Y,NV,NV,Y,Y,NV,Y,Y,Y,NV,NV,Y,Y,Y,Y
2017-03-07 05:00:00,"Judge of probate, counties where judge is an attorney, probate court to have same contempt powers as circuit court, Sec. 12-13-9 am'd.",Y,Y,Y,Y,NV,NV,Y,Y,Y,Y,NV,Y,Y,Y,Y,NV,Y,Y,Y,Y,Y,Y,Y,Y,Y,Y,Y,NV,Y,NV,NV,Y,NV,Y
2017-03-07 05:00:00,"Local Government Training Institute, bd. of director, two add'l members appointed by Assoc. of Co. Commissions, quorum, expanded to include certification of co. employees and programs, Sec. 11-3-45 am'd.",Y,Y,Y,Y,NV,NV,N,Y,Y,Y,NV,Y,Y,Y,Y,NV,Y,Y,Y,Y,Y,Y,Y,Y,Y,Y,Y,Y,Y,NV,NV,Y,NV,N
2017-03-07 05:00:00,"Local Government Training Institute, bd. of director, two add'l members appointed by Assoc. of Co. Commissions, quorum, expanded to include certification of co. employees and programs, Sec. 11-3-45 am'd.",Y,Y,Y,Y,NV,NV,N,Y,Y,Y,NV,Y,Y,Y,Y,NV,Y,Y,Y,Y,Y,Y,Y,Y,Y,Y,Y,Y,Y,NV,NV,Y,NV,N
2017-03-09 05:00:00,"Firearm, possession prohibited at certain places including by persons with a valid pistol permit, exception for qualified retired law enforcement officers, Sec. 13A-11-61.2 am'd.",NV,Y,Y,Y,Y,Y,NV,Y,Y,NV,Y,Y,Y,Y,Y,NV,Y,Y,NV,Y,NV,NV,Y,NV,Y,Y,Y,Y,Y,NV,Y,Y,Y,Y
2017-03-09 05:00:00,"Firearm, possession prohibited at certain places including by persons with a valid pistol permit, exception for qualified retired law enforcement officers, Sec. 13A-11-61.2 am'd.",NV,NV,Y,Y,Y,NV,Y,Y,Y,NV,Y,Y,Y,Y,Y,NV,Y,Y,Y,Y,NV,NV,Y,NV,Y,Y,Y,Y,Y,NV,Y,NV,Y,Y
2017-02-16 05:00:00,"Use tax, simplified sellers, six month deferral deleted, disclosures re eligible sellers, reporting, Sec. 40-23-197.1 added; Secs. 40-2-11, 40-23-191, 40-23-193, 40-23-195 am'd.",Y,Y,Y,NV,Y,Y,Y,Y,Y,Y,Y,Y,NV,Y,Y,Y,NV,NV,NV,Y,Y,Y,Y,Y,Y,Y,Y,NV,NV,Y,Y,Y,Y,Y
2017-03-07 05:00:00,"Hunting, waterfowl stamps, lifetime, cost-of-living adjustment in fee, Sec. 9-11-433 am'd.",Y,Y,NV,Y,Y,Y,Y,Y,Y,Y,NV,Y,Y,Y,Y,Y,Y,Y,NV,Y,NV,Y,Y,Y,Y,Y,NV,Y,NV,NV,Y,Y,NV,Y
2017-03-07 05:00:00,"Hunting, waterfowl stamps, lifetime, cost-of-living adjustment in fee, Sec. 9-11-433 am'd.",Y,Y,Y,Y,Y,Y,Y,Y,Y,Y,Y,Y,Y,Y,Y,Y,Y,Y,NV,Y,NV,Y,Y,Y,Y,Y,Y,Y,Y,NV,NV,Y,NV,Y
2017-03-07 05:00:00,"Engineers and Land Surveyors, legislative intent regarding rule-making authority of Board of Licensure for provided regarding antitrust laws, Sec. 34-11-35.1 added",Y,Y,Y,Y,NV,NV,Y,Y,Y,Y,NV,Y,Y,Y,Y,NV,Y,Y,Y,Y,Y,Y,Y,Y,Y,Y,Y,NV,Y,NV,NV,Y,NV,Y
2017-03-09 05:00:00,"Revenue Department, notification requirements by local governments regarding tax levies, revised, certain collection services authorized at no cost, Sec. 11-51-210.1 added; Secs. 11-3-11.3, 11-51-183, 11-51-208, 11-51-210, 40-12-4, 40-12-7 am'd.",Y,NV,Y,Y,Y,Y,Y,Y,Y,NV,NV,Y,Y,NV,Y,NV,Y,Y,Y,NV,NV,NV,Y,Y,Y,NV,NV,Y,NV,NV,Y,Y,Y,Y
2017-03-09 05:00:00,"Revenue Department, notification requirements by local governments regarding tax levies, revised, certain collection services authorized at no cost, Sec. 11-51-210.1 added; Secs. 11-3-11.3, 11-51-183, 11-51-208, 11-51-210, 40-12-4, 40-12-7 am'd.",Y,NV,Y,Y,Y,Y,Y,Y,Y,NV,NV,Y,Y,NV,Y,NV,Y,Y,Y,NV,NV,NV,Y,Y,Y,NV,NV,Y,NV,NV,Y,Y,Y,Y
2017-03-09 05:00:00,"Motor vehicles, towing, ALEA authorized to regulate, fee dispute resolution process, civil penalties",Y,NV,Y,Y,Y,Y,Y,Y,Y,NV,NV,Y,Y,NV,Y,NV,Y,Y,Y,NV,NV,NV,Y,Y,Y,NV,NV,Y,NV,NV,Y,Y,Y,Y
2017-03-09 05:00:00,"Motor vehicles, towing, ALEA authorized to regulate, fee dispute resolution process, civil penalties",Y,NV,Y,Y,Y,NV,Y,Y,Y,NV,NV,Y,Y,NV,Y,NV,Y,Y,Y,NV,NV,NV,Y,Y,Y,NV,NV,Y,NV,NV,Y,Y,Y,Y
2017-03-15 04:00:00,"Russell Co., sheriffs, additional qualifications, continuing education",Y,Y,Y,Y,NV,NV,NV,Y,NV,NV,Y,Y,Y,Y,Y,NV,Y,NV,Y,Y,Y,Y,Y,Y,Y,Y,NV,NV,Y,Y,Y,Y,NV,Y
2017-03-09 05:00:00,"Fiduciaries, Revised Uniform Fiduciary Access to Digital Assets Act, adopted, fiduciaries, duties with regard to computer files, web domains, virtual currency and other digital assets, Secs. 19-1A-1 to 19-1A-18, inclusive, added",Y,Y,Y,Y,NV,Y,Y,NV,Y,NV,NV,Y,Y,Y,Y,Y,NV,Y,Y,Y,NV,Y,NV,Y,Y,NV,Y,NV,NV,Y,Y,Y,Y,Y
2017-03-09 05:00:00,"Fiduciaries, Revised Uniform Fiduciary Access to Digital Assets Act, adopted, fiduciaries, duties with regard to computer files, web domains, virtual currency and other digital assets, Secs. 19-1A-1 to 19-1A-18, inclusive, added",Y,Y,Y,Y,NV,Y,Y,NV,Y,NV,NV,Y,Y,Y,Y,Y,NV,Y,Y,Y,NV,Y,NV,Y,Y,NV,Y,NV,NV,Y,Y,Y,Y,Y
2017-03-07 05:00:00,"Veterans, unemployed, tax credit created for hiring of, regardless of whether veteran was recently deployed, Sec. 40-18-320.1 added; Secs. 40-18-320, 40-18-321, 40-18-322, 40-18-324 am'd.",Y,Y,Y,Y,NV,NV,Y,Y,Y,Y,NV,Y,Y,Y,Y,NV,Y,Y,Y,Y,Y,Y,Y,Y,Y,Y,Y,NV,Y,NV,NV,Y,NV,Y
2017-02-16 05:00:00,"Tax sales, excess funds, redemption payments, application to all funds held by a county, retroactive effect regardless of when tax sale occurred, Sec. 40-10-28 am'd.",Y,Y,Y,Y,Y,Y,Y,Y,Y,Y,Y,Y,Y,Y,Y,Y,Y,NV,Y,Y,Y,Y,Y,Y,Y,Y,Y,Y,Y,NV,Y,Y,Y,Y
2017-02-16 05:00:00,"Tax sales, excess funds, redemption payments, application to all funds held by a county, retroactive effect regardless of when tax sale occurred, Sec. 40-10-28 am'd.",Y,Y,Y,Y,Y,Y,Y,Y,Y,Y,Y,Y,Y,Y,Y,Y,Y,NV,Y,Y,Y,Y,Y,Y,Y,Y,Y,N,Y,NV,Y,Y,Y,Y
2017-02-28 05:00:00,"Autauga Co., revenue commissioner, salary and expense allowance",NV,NV,NV,Y,NV,NV,NV,Y,Y,Y,NV,Y,NV,NV,Y,NV,Y,NV,Y,Y,NV,Y,Y,Y,Y,Y,NV,NV,Y,Y,Y,NV,Y,Y
2017-02-21 05:00:00,"Firearms and ammunition, state preemption of regulation of, further provided for, Sec. 13A-11-61.3 am'd.",Y,Y,Y,Y,Y,Y,Y,Y,Y,Y,Y,Y,NV,Y,Y,Y,Y,Y,N,NV,Y,Y,NV,Y,Y,Y,NV,Y,Y,Y,Y,NV,Y,Y
2017-02-21 05:00:00,"Firearms and ammunition, state preemption of regulation of, further provided for, Sec. 13A-11-61.3 am'd.",Y,Y,Y,Y,Y,Y,Y,Y,Y,Y,Y,Y,NV,Y,Y,Y,Y,Y,N,NV,Y,Y,NV,Y,Y,Y,NV,Y,Y,Y,Y,NV,Y,Y
2017-02-23 05:00:00,"Public Housing authorities, non-profit affiliates of, limited immunity extended to Sec. 24-1-27 am'd.",Y,NV,Y,Y,Y,Y,Y,Y,NV,Y,NV,Y,Y,Y,Y,Y,Y,NV,Y,NV,Y,Y,Y,NV,Y,NV,Y,Y,Y,NV,NV,Y,NV,Y
2017-02-14 05:00:00,"Baldwin Co., gasoline and motor fuel, excise tax, county commission authorized to levy, Sec. 45-2-244.044 am'd.",Y,NV,NV,NV,NV,Y,NV,Y,Y,Y,NV,Y,Y,Y,Y,NV,NV,NV,Y,Y,Y,Y,Y,Y,Y,Y,NV,NV,Y,Y,Y,Y,NV,Y
2017-02-14 05:00:00,"Baldwin Co., gasoline and motor fuel, excise tax, county commission authorized to levy, Sec. 45-2-244.044 am'd.",Y,NV,NV,NV,NV,Y,NV,Y,Y,Y,NV,Y,Y,Y,Y,NV,NV,NV,Y,Y,Y,Y,Y,Y,Y,Y,NV,NV,Y,Y,Y,Y,NV,Y
2017-02-28 05:00:00,"Lowndes Co., co. board of education, compensation",NV,NV,NV,Y,NV,NV,NV,Y,Y,Y,NV,Y,NV,NV,Y,NV,Y,NV,Y,Y,NV,Y,Y,Y,NV,Y,NV,Y,Y,Y,Y,NV,Y,Y
2017-03-07 05:00:00,"Education Retirees' Trust Fund for Cost-of-Living Allowances, creation in State Treasury, investment of funds",Y,Y,Y,Y,NV,Y,Y,Y,Y,Y,NV,Y,Y,Y,Y,NV,Y,Y,Y,Y,Y,Y,Y,Y,Y,Y,Y,NV,Y,NV,NV,Y,NV,Y
2017-03-07 05:00:00,"Education Retirees' Trust Fund for Cost-of-Living Allowances, creation in State Treasury, investment of funds",Y,Y,Y,Y,NV,Y,Y,Y,Y,Y,NV,Y,Y,Y,Y,NV,Y,Y,Y,Y,Y,Y,Y,Y,Y,Y,Y,NV,Y,NV,NV,Y,NV,Y
2017-02-23 05:00:00,"Securities Commission, directors salary to be fixed by commission with approval of State Personnel Board, Sec. 8-6-56 am'd.",Y,NV,Y,Y,Y,Y,Y,Y,NV,Y,NV,Y,Y,Y,Y,Y,Y,NV,Y,NV,Y,Y,Y,NV,Y,NV,Y,Y,Y,NV,NV,Y,NV,Y
2017-02-23 05:00:00,"Peace Officers' Standards and Training Commission, education requirement to become a law enforcement officer amended to include nonpublic education, Sec. 36-21-46 am'd.",Y,NV,Y,Y,Y,Y,Y,Y,NV,Y,NV,Y,Y,Y,Y,Y,Y,NV,Y,NV,Y,Y,Y,NV,Y,NV,Y,Y,Y,NV,NV,Y,NV,Y
2017-02-14 05:00:00,"Clay Co., tobacco tax, distrib. of proceeds, Secs. 45-14-244.04, 45-14-244.05 repealed",NV,NV,NV,Y,NV,Y,NV,Y,Y,Y,NV,Y,Y,NV,Y,NV,NV,NV,NV,Y,NV,Y,Y,Y,Y,NV,NV,NV,Y,Y,NV,NV,NV,NV
2017-02-14 05:00:00,"Extradition, authorized when another state charges person for committing an act resulting in a crime, Sec. 15-9-34 am'd.",Y,Y,Y,Y,NV,NV,Y,Y,NV,Y,Y,Y,Y,NV,Y,Y,NV,Y,Y,Y,Y,Y,Y,Y,NV,Y,Y,NV,Y,Y,Y,Y,NV,Y
2017-02-14 05:00:00,"Medicaid fraud, crime of further provided for, statutes of limitations revised for certain fraudulent activity, Sec. 22-1-11 am'd.",Y,Y,N,Y,Y,Y,Y,NV,NV,Y,NV,Y,Y,Y,Y,Y,NV,Y,Y,N,Y,Y,Y,Y,NV,NV,NV,Y,Y,Y,Y,Y,NV,Y
2017-02-21 05:00:00,"Community College System, established as body corporate, eligibility of employees of system and colleges to participate in TRS and PEEHIP clarified, board authorized to acquire and dispose of property, Secs. 16-60-110.1, 16-60-111.4, 16-60-111.10 am'd.",Y,Y,Y,Y,Y,Y,Y,Y,Y,Y,Y,Y,NV,Y,Y,Y,Y,Y,N,NV,Y,Y,NV,Y,Y,Y,NV,Y,Y,Y,Y,NV,Y,Y
2017-02-21 05:00:00,"Community College System, established as body corporate, eligibility of employees of system and colleges to participate in TRS and PEEHIP clarified, board authorized to acquire and dispose of property, Secs. 16-60-110.1, 16-60-111.4, 16-60-111.10 am'd.",Y,Y,Y,Y,Y,Y,Y,Y,Y,Y,Y,Y,NV,Y,Y,Y,Y,Y,N,NV,Y,Y,NV,Y,Y,Y,NV,Y,Y,Y,Y,Y,Y,Y
2017-02-21 05:00:00,"Community College System, established as body corporate, eligibility of employees of system and colleges to participate in TRS and PEEHIP clarified, board authorized to acquire and dispose of property, Secs. 16-60-110.1, 16-60-111.4, 16-60-111.10 am'd.",Y,Y,Y,Y,Y,Y,Y,Y,Y,Y,Y,Y,NV,Y,Y,Y,Y,Y,N,NV,Y,Y,NV,Y,Y,Y,NV,Y,Y,Y,Y,Y,Y,Y
2017-02-21 05:00:00,"Real Estate Commission, rule making authority clarified, Sec. 34-27-8.1added",Y,Y,Y,Y,Y,Y,Y,Y,Y,Y,Y,Y,NV,Y,Y,Y,Y,Y,Y,NV,Y,Y,NV,Y,Y,Y,NV,Y,Y,Y,Y,Y,Y,Y
2017-02-21 05:00:00,"Real Estate Commission, rule making authority clarified, Sec. 34-27-8.1added",Y,Y,Y,Y,Y,Y,Y,Y,Y,Y,Y,Y,NV,Y,Y,Y,Y,Y,Y,NV,Y,Y,NV,Y,Y,Y,NV,Y,Y,Y,Y,Y,Y,Y
2017-02-14 05:00:00,"Motor vehicles, seat belt use required for each occupant while vehicle is in motion, Secs. 32-5B-4 am'd.",N,Y,Y,N,NV,NV,Y,Y,NV,N,Y,Y,Y,N,Y,N,NV,Y,Y,Y,NV,NV,Y,Y,Y,Y,Y,NV,NV,Y,Y,Y,NV,Y
2017-02-14 05:00:00,"Motor vehicles, seat belt use required for each occupant while vehicle is in motion, Secs. 32-5B-4 am'd.",Y,NV,Y,Y,NV,Y,Y,Y,Y,Y,Y,Y,Y,Y,Y,NV,NV,Y,Y,Y,Y,Y,Y,Y,NV,Y,Y,Y,Y,Y,Y,Y,Y,Y
2017-02-21 05:00:00,"Education, gifted or talented children, grants for educational programs provided by State Department of Education, local match required",Y,Y,Y,Y,Y,Y,Y,Y,Y,Y,Y,Y,NV,Y,Y,Y,Y,Y,Y,NV,Y,Y,NV,Y,Y,Y,NV,Y,Y,Y,Y,Y,Y,Y
2017-02-14 05:00:00,"Courts, judges, Judicial Resources Allocation Commission, established, membership, duties, authority to increase or decrease judgeships under certain criteria",Y,Y,N,Y,Y,Y,Y,NV,NV,Y,NV,Y,Y,Y,Y,Y,NV,Y,Y,N,Y,Y,N,Y,NV,NV,NV,Y,Y,Y,Y,N,NV,N
2017-02-14 05:00:00,"Courts, judges, Judicial Resources Allocation Commission, established, membership, duties, authority to increase or decrease judgeships under certain criteria",Y,NV,NV,NV,Y,Y,NV,Y,Y,Y,NV,Y,Y,Y,Y,NV,NV,Y,Y,Y,Y,Y,Y,Y,Y,Y,NV,NV,Y,Y,Y,Y,NV,Y
2017-02-14 05:00:00,"Courts, judges, Judicial Resources Allocation Commission, established, membership, duties, authority to increase or decrease judgeships under certain criteria",Y,NV,NV,NV,Y,Y,NV,Y,Y,Y,NV,Y,Y,Y,Y,NV,NV,Y,Y,Y,Y,Y,N,Y,Y,Y,NV,NV,Y,Y,Y,Y,NV,Y
2017-03-07 00:00:00,"Employees' Retirement System, retirees and beneficiaries, one-time lump-sum additional payment",Y,Y,Y,Y,Y,Y,Y,Y,NV,Y,Y,Y,Y,Y,Y,Y,Y,Y,Y,Y,Y,NV,Y,Y,Y,Y,Y,Y,Y,NV,NV,Y,NV,Y
2017-03-07 00:00:00,"Employees' Retirement System, retirees and beneficiaries, one-time lump-sum additional payment",Y,N,Y,Y,NV,NV,N,Y,Y,N,NV,Y,Y,Y,Y,NV,Y,Y,Y,N,Y,Y,Y,N,Y,Y,Y,Y,Y,NV,NV,Y,NV,N
2017-02-23 05:00:00,"Constitution, Chief Justice required to recompile constitution and submit at 2022 Reg. Sess., and each regular session every 10 years thereafter, const. amend.",NV,NV,Y,Y,Y,NV,Y,Y,NV,Y,NV,Y,Y,Y,Y,Y,Y,NV,Y,NV,NV,Y,Y,NV,Y,NV,Y,NV,Y,Y,NV,Y,Y,Y
2017-02-28 05:00:00,"Etowah Co., lodging taxes, distrib. of certain taxes, Act 2016-368, 2016 Reg. Sess., repealed",NV,NV,NV,Y,NV,NV,NV,Y,Y,Y,NV,Y,Y,NV,Y,NV,Y,NV,Y,Y,NV,Y,Y,Y,Y,Y,NV,NV,Y,Y,Y,NV,Y,Y
2017-02-14 05:00:00,"Eyeglasses, over-the-counter eyeglasses, nonprescription glasses further defined, sale regulated, enforcement",NV,NV,Y,Y,NV,NV,Y,Y,Y,Y,Y,Y,NV,Y,Y,Y,Y,Y,Y,Y,NV,Y,Y,NV,Y,Y,Y,NV,Y,NV,Y,Y,NV,Y
2017-02-14 05:00:00,"Administrative Procedure Act, rules, notice of intended action, required to contain information about litigation, Sec. 41-22-5 am'd.",Y,NV,Y,Y,Y,Y,Y,Y,Y,Y,Y,Y,Y,Y,Y,NV,NV,Y,Y,Y,Y,Y,Y,Y,NV,Y,Y,Y,Y,Y,Y,Y,Y,Y
2017-02-14 05:00:00,"Environmental Management Dept., centralized waste treatment facilities, permits, bond or financial assurance further provided for, provisions for fees based on cost to treat repealed, Secs. 22-25C-1, 22-25C-2 am'd.",Y,Y,Y,Y,NV,NV,Y,Y,NV,Y,Y,Y,Y,NV,Y,Y,NV,Y,Y,Y,Y,Y,Y,Y,NV,Y,Y,NV,Y,Y,Y,Y,NV,Y
2017-02-14 05:00:00,"Indigent defense, juvenile court, guardian ad litems, maximum atty fee for services raised, Sec. 15-12-21 am'd.",N,Y,Y,Y,NV,Y,N,Y,Y,NV,Y,N,NV,N,NV,NV,NV,Y,Y,Y,NV,NV,N,Y,Y,Y,NV,Y,Y,Y,Y,NV,Y,Y
2017-02-16 05:00:00,"Space, Alabama Space Authority created, Alabama Department of Economic and Community Affairs, membership and powers, authorized",Y,Y,Y,NV,Y,Y,Y,Y,Y,Y,Y,Y,NV,Y,Y,Y,NV,NV,NV,Y,Y,Y,Y,Y,Y,Y,Y,NV,NV,Y,Y,Y,Y,Y
2017-02-16 05:00:00,"Space, Alabama Space Authority created, Alabama Department of Economic and Community Affairs, membership and powers, authorized",Y,Y,Y,NV,Y,Y,Y,Y,Y,Y,Y,Y,NV,Y,Y,Y,NV,NV,NV,Y,Y,Y,Y,Y,Y,Y,Y,NV,NV,Y,Y,Y,Y,Y
