"Senator1","Senator2","Agree","Disagree"
"Goldin","Crowley",1510,14
"Goldin","Archambault",1764,18
"Goldin","Coyne",1118,6
"Goldin","Pagliarini",534,146
"Goldin","Felag",1726,29
"Goldin","Lynch",1050,16
"Goldin","Satchell",1692,21
"Goldin","Madam.President",1698,16
"Goldin","Paolino",33,2
"Goldin","Miller",1647,14
"Goldin","O.Neill",1457,143
"Goldin","Quezada",36,0
"Goldin","Nesselbush",1617,20
"Goldin","Pichardo",1564,13
"Goldin","Da.Ponte",1571,16
"Goldin","McCaffrey",1639,12
"Goldin","Gallo",1698,16
"Goldin","Ciccone",1215,10
"Goldin","Ruggerio",1694,19
"Goldin","Lynch.Prata",705,7
"Goldin","Goodwin",1735,16
"Goldin","Metts",1725,25
"Goldin","Algiere",1688,62
"Goldin","Bates",609,22
"Goldin","Conley",1744,18
"Goldin","Sosnowski",1734,14
"Goldin","Seveney",36,0
"Goldin","Lombardi",1605,19
"Goldin","Kettle",1594,94
"Goldin","Sheehan",1518,26
"Goldin","Doyle",1464,11
"Goldin","Pearson",1674,23
"Goldin","Lombardo",1563,18
"Goldin","Picard",1730,24
"Goldin","Hodgson",601,27
"Goldin","Jabour",1747,33
"Goldin","Raptakis",1518,54
"Goldin","Walaska",1614,21
"Goldin","Cote",1680,47
"Goldin","DiPalma",1672,22
"Goldin","Morgan",957,171
"Goldin","Calkin",34,2
"Goldin","Cool.Rumsey",602,6
"Goldin","Mr..President",11,0
"Goldin","Gee",1056,83
"Goldin","Paiva.Weed",5,0
"Goldin","Fogarty",1695,19
"Goldin","Ottiano",1030,14
"Crowley","Archambault",1603,6
"Crowley","Coyne",996,2
"Crowley","Pagliarini",466,121
"Crowley","Felag",1565,17
"Crowley","Lynch",971,4
"Crowley","Satchell",1557,14
"Crowley","Madam.President",1538,2
"Crowley","Paolino",40,2
"Crowley","Miller",1477,12
"Crowley","O.Neill",1306,113
"Crowley","Quezada",42,0
"Crowley","Nesselbush",1438,9
"Crowley","Pichardo",1418,9
"Crowley","Da.Ponte",1469,5
"Crowley","McCaffrey",1476,5
"Crowley","Gallo",1543,9
"Crowley","Ciccone",1071,5
"Crowley","Ruggerio",1515,6
"Crowley","Lynch.Prata",615,6
"Crowley","Goodwin",1588,2
"Crowley","Metts",1556,24
"Crowley","Algiere",1546,41
"Crowley","Bates",589,13
"Crowley","Conley",1588,9
"Crowley","Sosnowski",1589,2
"Crowley","Seveney",43,0
"Crowley","Lombardi",1440,7
"Crowley","Kettle",1439,73
"Crowley","Sheehan",1403,19
"Crowley","Doyle",1360,5
"Crowley","Pearson",1556,12
"Crowley","Lombardo",1413,10
"Crowley","Picard",1596,14
"Crowley","Hodgson",573,15
"Crowley","Jabour",1589,17
"Crowley","Raptakis",1381,40
"Crowley","Walaska",1441,9
"Crowley","Cote",1524,34
"Crowley","DiPalma",1530,8
"Crowley","Morgan",848,145
"Crowley","Calkin",41,2
"Crowley","Cool.Rumsey",564,5
"Crowley","Mr..President",13,0
"Crowley","Gee",939,64
"Crowley","Paiva.Weed",5,0
"Crowley","Fogarty",1528,11
"Crowley","Ottiano",964,8
"Archambault","Coyne",1178,5
"Archambault","Pagliarini",571,146
"Archambault","Felag",1835,18
"Archambault","Lynch",1108,4
"Archambault","Satchell",1790,18
"Archambault","Madam.President",1804,4
"Archambault","Paolino",42,2
"Archambault","Miller",1741,11
"Archambault","O.Neill",1547,138
"Archambault","Quezada",44,0
"Archambault","Nesselbush",1702,13
"Archambault","Pichardo",1647,12
"Archambault","Da.Ponte",1681,7
"Archambault","McCaffrey",1739,7
"Archambault","Gallo",1797,9
"Archambault","Ciccone",1288,7
"Archambault","Ruggerio",1781,4
"Archambault","Lynch.Prata",749,4
"Archambault","Goodwin",1838,3
"Archambault","Metts",1821,26
"Archambault","Algiere",1797,51
"Archambault","Bates",656,13
"Archambault","Conley",1845,7
"Archambault","Sosnowski",1834,4
"Archambault","Seveney",45,0
"Archambault","Lombardi",1711,3
"Archambault","Kettle",1692,88
"Archambault","Sheehan",1604,23
"Archambault","Doyle",1557,4
"Archambault","Pearson",1782,12
"Archambault","Lombardo",1662,7
"Archambault","Picard",1833,17
"Archambault","Hodgson",643,18
"Archambault","Jabour",1860,16
"Archambault","Raptakis",1614,43
"Archambault","Walaska",1704,10
"Archambault","Cote",1783,42
"Archambault","DiPalma",1773,11
"Archambault","Morgan",1016,171
"Archambault","Calkin",43,2
"Archambault","Cool.Rumsey",642,4
"Archambault","Mr..President",13,0
"Archambault","Gee",1116,81
"Archambault","Paiva.Weed",5,0
"Archambault","Fogarty",1798,10
"Archambault","Ottiano",1080,9
"Coyne","Pagliarini",561,148
"Coyne","Felag",1158,15
"Coyne","Lynch",426,2
"Coyne","Satchell",1130,6
"Coyne","Madam.President",1114,2
"Coyne","Paolino",40,2
"Coyne","Miller",1073,5
"Coyne","O.Neill",889,111
"Coyne","Quezada",42,0
"Coyne","Nesselbush",1013,5
"Coyne","Pichardo",985,5
"Coyne","Da.Ponte",1088,4
"Coyne","McCaffrey",1063,2
"Coyne","Gallo",1114,6
"Coyne","Ciccone",1061,7
"Coyne","Ruggerio",1115,4
"Coyne","Lynch.Prata",737,6
"Coyne","Goodwin",1139,2
"Coyne","Metts",1147,13
"Coyne","Algiere",1118,42
"Coyne","Bates",0,0
"Coyne","Conley",1148,7
"Coyne","Sosnowski",1162,2
"Coyne","Seveney",43,0
"Coyne","Lombardi",1017,5
"Coyne","Kettle",1021,59
"Coyne","Sheehan",1082,13
"Coyne","Doyle",921,4
"Coyne","Pearson",1109,8
"Coyne","Lombardo",1009,5
"Coyne","Picard",1165,8
"Coyne","Hodgson",0,0
"Coyne","Jabour",1160,18
"Coyne","Raptakis",964,28
"Coyne","Walaska",1034,5
"Coyne","Cote",1153,18
"Coyne","DiPalma",1158,5
"Coyne","Morgan",1004,168
"Coyne","Calkin",41,2
"Coyne","Cool.Rumsey",0,0
"Coyne","Mr..President",13,0
"Coyne","Gee",1104,75
"Coyne","Paiva.Weed",3,0
"Coyne","Fogarty",1172,6
"Coyne","Ottiano",410,2
"Pagliarini","Felag",576,137
"Pagliarini","Lynch",0,0
"Pagliarini","Satchell",549,138
"Pagliarini","Madam.President",524,139
"Pagliarini","Paolino",0,0
"Pagliarini","Miller",495,127
"Pagliarini","O.Neill",531,46
"Pagliarini","Quezada",0,0
"Pagliarini","Nesselbush",457,114
"Pagliarini","Pichardo",507,129
"Pagliarini","Da.Ponte",552,137
"Pagliarini","McCaffrey",558,148
"Pagliarini","Gallo",568,141
"Pagliarini","Ciccone",537,144
"Pagliarini","Ruggerio",571,147
"Pagliarini","Lynch.Prata",574,142
"Pagliarini","Goodwin",542,147
"Pagliarini","Metts",552,153
"Pagliarini","Algiere",606,102
"Pagliarini","Bates",0,0
"Pagliarini","Conley",558,146
"Pagliarini","Sosnowski",568,150
"Pagliarini","Seveney",0,0
"Pagliarini","Lombardi",450,106
"Pagliarini","Kettle",524,90
"Pagliarini","Sheehan",527,135
"Pagliarini","Doyle",460,127
"Pagliarini","Pearson",551,142
"Pagliarini","Lombardo",475,108
"Pagliarini","Picard",565,144
"Pagliarini","Hodgson",0,0
"Pagliarini","Jabour",574,140
"Pagliarini","Raptakis",472,106
"Pagliarini","Walaska",508,124
"Pagliarini","Cote",568,138
"Pagliarini","DiPalma",561,152
"Pagliarini","Morgan",660,53
"Pagliarini","Calkin",0,0
"Pagliarini","Cool.Rumsey",0,0
"Pagliarini","Mr..President",0,0
"Pagliarini","Gee",616,102
"Pagliarini","Paiva.Weed",0,0
"Pagliarini","Fogarty",573,145
"Pagliarini","Ottiano",0,0
"Felag","Lynch",1082,7
"Felag","Satchell",1749,30
"Felag","Madam.President",1764,17
"Felag","Paolino",40,2
"Felag","Miller",1701,23
"Felag","O.Neill",1531,127
"Felag","Quezada",42,0
"Felag","Nesselbush",1659,25
"Felag","Pichardo",1619,22
"Felag","Da.Ponte",1642,19
"Felag","McCaffrey",1700,19
"Felag","Gallo",1759,21
"Felag","Ciccone",1254,17
"Felag","Ruggerio",1749,15
"Felag","Lynch.Prata",736,11
"Felag","Goodwin",1794,17
"Felag","Metts",1784,36
"Felag","Algiere",1768,50
"Felag","Bates",639,13
"Felag","Conley",1806,17
"Felag","Sosnowski",1791,18
"Felag","Seveney",43,0
"Felag","Lombardi",1668,17
"Felag","Kettle",1659,90
"Felag","Sheehan",1583,31
"Felag","Doyle",1527,14
"Felag","Pearson",1747,18
"Felag","Lombardo",1632,19
"Felag","Picard",1794,27
"Felag","Hodgson",627,18
"Felag","Jabour",1819,28
"Felag","Raptakis",1586,48
"Felag","Walaska",1667,19
"Felag","Cote",1747,51
"Felag","DiPalma",1733,24
"Felag","Morgan",1015,160
"Felag","Calkin",41,2
"Felag","Cool.Rumsey",621,8
"Felag","Mr..President",13,0
"Felag","Gee",1104,81
"Felag","Paiva.Weed",3,0
"Felag","Fogarty",1762,17
"Felag","Ottiano",1058,8
"Lynch","Satchell",1061,11
"Lynch","Madam.President",1108,2
"Lynch","Paolino",0,0
"Lynch","Miller",1071,11
"Lynch","O.Neill",1055,41
"Lynch","Quezada",0,0
"Lynch","Nesselbush",1088,8
"Lynch","Pichardo",1007,11
"Lynch","Da.Ponte",951,3
"Lynch","McCaffrey",980,7
"Lynch","Gallo",1056,7
"Lynch","Ciccone",572,1
"Lynch","Ruggerio",1037,4
"Lynch","Lynch.Prata",0,0
"Lynch","Goodwin",1107,2
"Lynch","Metts",1080,15
"Lynch","Algiere",1082,8
"Lynch","Bates",653,14
"Lynch","Conley",1096,4
"Lynch","Sosnowski",1073,2
"Lynch","Seveney",0,0
"Lynch","Lombardi",1100,5
"Lynch","Kettle",1069,43
"Lynch","Sheehan",910,10
"Lynch","Doyle",940,3
"Lynch","Pearson",1042,9
"Lynch","Lombardo",1029,4
"Lynch","Picard",1079,13
"Lynch","Hodgson",647,17
"Lynch","Jabour",1102,10
"Lynch","Raptakis",1015,23
"Lynch","Walaska",1067,3
"Lynch","Cote",1039,27
"Lynch","DiPalma",1019,8
"Lynch","Morgan",400,29
"Lynch","Calkin",0,0
"Lynch","Cool.Rumsey",637,5
"Lynch","Mr..President",0,0
"Lynch","Gee",412,20
"Lynch","Paiva.Weed",0,0
"Lynch","Fogarty",1030,6
"Lynch","Ottiano",1077,9
"Satchell","Madam.President",1726,14
"Satchell","Paolino",41,2
"Satchell","Miller",1665,17
"Satchell","O.Neill",1480,134
"Satchell","Quezada",43,0
"Satchell","Nesselbush",1629,17
"Satchell","Pichardo",1587,20
"Satchell","Da.Ponte",1615,11
"Satchell","McCaffrey",1659,14
"Satchell","Gallo",1725,18
"Satchell","Ciccone",1216,13
"Satchell","Ruggerio",1696,18
"Satchell","Lynch.Prata",713,9
"Satchell","Goodwin",1757,14
"Satchell","Metts",1750,27
"Satchell","Algiere",1728,48
"Satchell","Bates",635,18
"Satchell","Conley",1768,15
"Satchell","Sosnowski",1755,12
"Satchell","Seveney",44,0
"Satchell","Lombardi",1630,17
"Satchell","Kettle",1630,81
"Satchell","Sheehan",1560,21
"Satchell","Doyle",1499,9
"Satchell","Pearson",1733,24
"Satchell","Lombardo",1586,13
"Satchell","Picard",1760,19
"Satchell","Hodgson",615,23
"Satchell","Jabour",1777,28
"Satchell","Raptakis",1543,49
"Satchell","Walaska",1623,19
"Satchell","Cote",1711,42
"Satchell","DiPalma",1692,22
"Satchell","Morgan",986,154
"Satchell","Calkin",42,2
"Satchell","Cool.Rumsey",614,6
"Satchell","Mr..President",13,0
"Satchell","Gee",1081,68
"Satchell","Paiva.Weed",5,0
"Satchell","Fogarty",1716,17
"Satchell","Ottiano",1035,14
"Madam.President","Paolino",27,2
"Madam.President","Miller",1671,11
"Madam.President","O.Neill",1520,127
"Madam.President","Quezada",30,0
"Madam.President","Nesselbush",1635,7
"Madam.President","Pichardo",1595,10
"Madam.President","Da.Ponte",1618,2
"Madam.President","McCaffrey",1668,5
"Madam.President","Gallo",1744,7
"Madam.President","Ciccone",1223,5
"Madam.President","Ruggerio",1723,4
"Madam.President","Lynch.Prata",682,4
"Madam.President","Goodwin",1769,0
"Madam.President","Metts",1759,20
"Madam.President","Algiere",1733,43
"Madam.President","Bates",656,12
"Madam.President","Conley",1774,6
"Madam.President","Sosnowski",1767,0
"Madam.President","Seveney",30,0
"Madam.President","Lombardi",1692,5
"Madam.President","Kettle",1630,77
"Madam.President","Sheehan",1539,18
"Madam.President","Doyle",1500,3
"Madam.President","Pearson",1713,10
"Madam.President","Lombardo",1611,8
"Madam.President","Picard",1767,13
"Madam.President","Hodgson",643,17
"Madam.President","Jabour",1788,17
"Madam.President","Raptakis",1552,41
"Madam.President","Walaska",1647,7
"Madam.President","Cote",1717,37
"Madam.President","DiPalma",1706,8
"Madam.President","Morgan",960,161
"Madam.President","Calkin",30,0
"Madam.President","Cool.Rumsey",641,3
"Madam.President","Mr..President",0,0
"Madam.President","Gee",1054,74
"Madam.President","Paiva.Weed",0,0
"Madam.President","Fogarty",1727,9
"Madam.President","Ottiano",1080,7
"Paolino","Miller",41,2
"Paolino","O.Neill",0,0
"Paolino","Quezada",41,2
"Paolino","Nesselbush",34,4
"Paolino","Pichardo",0,0
"Paolino","Da.Ponte",33,2
"Paolino","McCaffrey",42,2
"Paolino","Gallo",27,2
"Paolino","Ciccone",39,2
"Paolino","Ruggerio",22,2
"Paolino","Lynch.Prata",37,2
"Paolino","Goodwin",35,1
"Paolino","Metts",38,3
"Paolino","Algiere",43,1
"Paolino","Bates",0,0
"Paolino","Conley",42,2
"Paolino","Sosnowski",37,2
"Paolino","Seveney",42,2
"Paolino","Lombardi",41,2
"Paolino","Kettle",44,0
"Paolino","Sheehan",38,3
"Paolino","Doyle",26,2
"Paolino","Pearson",42,2
"Paolino","Lombardo",42,2
"Paolino","Picard",42,2
"Paolino","Hodgson",0,0
"Paolino","Jabour",42,2
"Paolino","Raptakis",38,2
"Paolino","Walaska",0,0
"Paolino","Cote",41,2
"Paolino","DiPalma",40,2
"Paolino","Morgan",40,1
"Paolino","Calkin",40,4
"Paolino","Cool.Rumsey",0,0
"Paolino","Mr..President",13,0
"Paolino","Gee",43,0
"Paolino","Paiva.Weed",5,0
"Paolino","Fogarty",42,2
"Paolino","Ottiano",0,0
"Miller","O.Neill",1428,134
"Miller","Quezada",43,0
"Miller","Nesselbush",1598,16
"Miller","Pichardo",1532,14
"Miller","Da.Ponte",1556,12
"Miller","McCaffrey",1616,6
"Miller","Gallo",1679,8
"Miller","Ciccone",1174,5
"Miller","Ruggerio",1656,7
"Miller","Lynch.Prata",654,3
"Miller","Goodwin",1703,10
"Miller","Metts",1701,22
"Miller","Algiere",1663,57
"Miller","Bates",631,20
"Miller","Conley",1716,9
"Miller","Sosnowski",1705,9
"Miller","Seveney",44,0
"Miller","Lombardi",1580,10
"Miller","Kettle",1564,92
"Miller","Sheehan",1492,26
"Miller","Doyle",1434,8
"Miller","Pearson",1650,19
"Miller","Lombardo",1534,11
"Miller","Picard",1703,20
"Miller","Hodgson",618,25
"Miller","Jabour",1724,25
"Miller","Raptakis",1485,52
"Miller","Walaska",1573,15
"Miller","Cote",1654,46
"Miller","DiPalma",1638,19
"Miller","Morgan",924,156
"Miller","Calkin",42,2
"Miller","Cool.Rumsey",623,3
"Miller","Mr..President",12,0
"Miller","Gee",1012,76
"Miller","Paiva.Weed",5,0
"Miller","Fogarty",1673,11
"Miller","Ottiano",1049,10
"O.Neill","Quezada",0,0
"O.Neill","Nesselbush",1487,134
"O.Neill","Pichardo",1383,124
"O.Neill","Da.Ponte",1379,130
"O.Neill","McCaffrey",1415,137
"O.Neill","Gallo",1485,140
"O.Neill","Ciccone",1003,115
"O.Neill","Ruggerio",1473,137
"O.Neill","Lynch.Prata",476,99
"O.Neill","Goodwin",1514,136
"O.Neill","Metts",1506,151
"O.Neill","Algiere",1555,93
"O.Neill","Bates",646,16
"O.Neill","Conley",1510,141
"O.Neill","Sosnowski",1512,134
"O.Neill","Seveney",0,0
"O.Neill","Lombardi",1511,129
"O.Neill","Kettle",1588,90
"O.Neill","Sheehan",1328,120
"O.Neill","Doyle",1280,114
"O.Neill","Pearson",1471,131
"O.Neill","Lombardo",1461,132
"O.Neill","Picard",1516,134
"O.Neill","Hodgson",638,15
"O.Neill","Jabour",1544,137
"O.Neill","Raptakis",1402,94
"O.Neill","Walaska",1504,129
"O.Neill","Cote",1511,126
"O.Neill","DiPalma",1462,127
"O.Neill","Morgan",963,40
"O.Neill","Calkin",0,0
"O.Neill","Cool.Rumsey",613,27
"O.Neill","Mr..President",0,0
"O.Neill","Gee",930,79
"O.Neill","Paiva.Weed",0,0
"O.Neill","Fogarty",1479,133
"O.Neill","Ottiano",1042,32
"Quezada","Nesselbush",36,2
"Quezada","Pichardo",0,0
"Quezada","Da.Ponte",34,0
"Quezada","McCaffrey",44,0
"Quezada","Gallo",30,0
"Quezada","Ciccone",41,0
"Quezada","Ruggerio",25,0
"Quezada","Lynch.Prata",39,0
"Quezada","Goodwin",36,0
"Quezada","Metts",40,1
"Quezada","Algiere",43,1
"Quezada","Bates",0,0
"Quezada","Conley",44,0
"Quezada","Sosnowski",39,0
"Quezada","Seveney",44,0
"Quezada","Lombardi",43,0
"Quezada","Kettle",42,2
"Quezada","Sheehan",41,1
"Quezada","Doyle",27,0
"Quezada","Pearson",44,0
"Quezada","Lombardo",44,0
"Quezada","Picard",44,0
"Quezada","Hodgson",0,0
"Quezada","Jabour",44,0
"Quezada","Raptakis",40,0
"Quezada","Walaska",0,0
"Quezada","Cote",43,0
"Quezada","DiPalma",42,0
"Quezada","Morgan",38,3
"Quezada","Calkin",42,2
"Quezada","Cool.Rumsey",0,0
"Quezada","Mr..President",12,0
"Quezada","Gee",41,2
"Quezada","Paiva.Weed",5,0
"Quezada","Fogarty",44,0
"Quezada","Ottiano",0,0
"Nesselbush","Pichardo",1490,13
"Nesselbush","Da.Ponte",1512,11
"Nesselbush","McCaffrey",1567,10
"Nesselbush","Gallo",1632,11
"Nesselbush","Ciccone",1130,8
"Nesselbush","Ruggerio",1620,11
"Nesselbush","Lynch.Prata",601,6
"Nesselbush","Goodwin",1665,9
"Nesselbush","Metts",1660,25
"Nesselbush","Algiere",1634,47
"Nesselbush","Bates",653,14
"Nesselbush","Conley",1673,11
"Nesselbush","Sosnowski",1671,7
"Nesselbush","Seveney",37,2
"Nesselbush","Lombardi",1633,14
"Nesselbush","Kettle",1622,89
"Nesselbush","Sheehan",1452,20
"Nesselbush","Doyle",1396,7
"Nesselbush","Pearson",1610,20
"Nesselbush","Lombardo",1594,10
"Nesselbush","Picard",1663,19
"Nesselbush","Hodgson",642,17
"Nesselbush","Jabour",1686,27
"Nesselbush","Raptakis",1469,43
"Nesselbush","Walaska",1622,12
"Nesselbush","Cote",1628,35
"Nesselbush","DiPalma",1611,11
"Nesselbush","Morgan",887,136
"Nesselbush","Calkin",39,0
"Nesselbush","Cool.Rumsey",634,7
"Nesselbush","Mr..President",11,2
"Nesselbush","Gee",970,62
"Nesselbush","Paiva.Weed",3,2
"Nesselbush","Fogarty",1624,16
"Nesselbush","Ottiano",1063,10
"Pichardo","Da.Ponte",1466,13
"Pichardo","McCaffrey",1570,6
"Pichardo","Gallo",1599,13
"Pichardo","Ciccone",1141,7
"Pichardo","Ruggerio",1587,12
"Pichardo","Lynch.Prata",627,5
"Pichardo","Goodwin",1619,9
"Pichardo","Metts",1615,18
"Pichardo","Algiere",1583,47
"Pichardo","Bates",625,19
"Pichardo","Conley",1621,11
"Pichardo","Sosnowski",1617,8
"Pichardo","Seveney",0,0
"Pichardo","Lombardi",1484,13
"Pichardo","Kettle",1479,80
"Pichardo","Sheehan",1415,18
"Pichardo","Doyle",1392,7
"Pichardo","Pearson",1578,20
"Pichardo","Lombardo",1442,12
"Pichardo","Picard",1610,21
"Pichardo","Hodgson",612,24
"Pichardo","Jabour",1638,20
"Pichardo","Raptakis",1406,44
"Pichardo","Walaska",1522,16
"Pichardo","Cote",1566,41
"Pichardo","DiPalma",1565,18
"Pichardo","Morgan",846,150
"Pichardo","Calkin",0,0
"Pichardo","Cool.Rumsey",613,5
"Pichardo","Mr..President",0,0
"Pichardo","Gee",938,67
"Pichardo","Paiva.Weed",0,0
"Pichardo","Fogarty",1572,14
"Pichardo","Ottiano",991,14
"Da.Ponte","McCaffrey",1568,8
"Da.Ponte","Gallo",1611,11
"Da.Ponte","Ciccone",1148,7
"Da.Ponte","Ruggerio",1592,7
"Da.Ponte","Lynch.Prata",712,3
"Da.Ponte","Goodwin",1643,3
"Da.Ponte","Metts",1639,19
"Da.Ponte","Algiere",1606,46
"Da.Ponte","Bates",552,12
"Da.Ponte","Conley",1648,8
"Da.Ponte","Sosnowski",1658,3
"Da.Ponte","Seveney",35,0
"Da.Ponte","Lombardi",1519,6
"Da.Ponte","Kettle",1511,81
"Da.Ponte","Sheehan",1465,19
"Da.Ponte","Doyle",1397,2
"Da.Ponte","Pearson",1600,13
"Da.Ponte","Lombardo",1468,9
"Da.Ponte","Picard",1672,14
"Da.Ponte","Hodgson",542,16
"Da.Ponte","Jabour",1661,21
"Da.Ponte","Raptakis",1433,38
"Da.Ponte","Walaska",1537,9
"Da.Ponte","Cote",1604,33
"Da.Ponte","DiPalma",1581,9
"Da.Ponte","Morgan",940,159
"Da.Ponte","Calkin",33,2
"Da.Ponte","Cool.Rumsey",541,4
"Da.Ponte","Mr..President",5,0
"Da.Ponte","Gee",1036,73
"Da.Ponte","Paiva.Weed",5,0
"Da.Ponte","Fogarty",1605,11
"Da.Ponte","Ottiano",938,7
"McCaffrey","Gallo",1672,4
"McCaffrey","Ciccone",1229,5
"McCaffrey","Ruggerio",1643,7
"McCaffrey","Lynch.Prata",738,4
"McCaffrey","Goodwin",1700,5
"McCaffrey","Metts",1694,20
"McCaffrey","Algiere",1661,53
"McCaffrey","Bates",634,17
"McCaffrey","Conley",1711,6
"McCaffrey","Sosnowski",1702,3
"McCaffrey","Seveney",45,0
"McCaffrey","Lombardi",1570,8
"McCaffrey","Kettle",1555,87
"McCaffrey","Sheehan",1488,22
"McCaffrey","Doyle",1434,5
"McCaffrey","Pearson",1646,15
"McCaffrey","Lombardo",1526,7
"McCaffrey","Picard",1699,16
"McCaffrey","Hodgson",622,22
"McCaffrey","Jabour",1721,19
"McCaffrey","Raptakis",1487,44
"McCaffrey","Walaska",1571,12
"McCaffrey","Cote",1651,41
"McCaffrey","DiPalma",1638,12
"McCaffrey","Morgan",904,167
"McCaffrey","Calkin",43,2
"McCaffrey","Cool.Rumsey",628,3
"McCaffrey","Mr..President",13,0
"McCaffrey","Gee",1002,77
"McCaffrey","Paiva.Weed",5,0
"McCaffrey","Fogarty",1668,8
"McCaffrey","Ottiano",956,8
"Gallo","Ciccone",1221,6
"Gallo","Ruggerio",1732,9
"Gallo","Lynch.Prata",726,4
"Gallo","Goodwin",1763,8
"Gallo","Metts",1759,24
"Gallo","Algiere",1724,52
"Gallo","Bates",651,16
"Gallo","Conley",1779,6
"Gallo","Sosnowski",1760,6
"Gallo","Seveney",30,0
"Gallo","Lombardi",1635,7
"Gallo","Kettle",1620,89
"Gallo","Sheehan",1553,22
"Gallo","Doyle",1496,7
"Gallo","Pearson",1717,15
"Gallo","Lombardo",1601,8
"Gallo","Picard",1759,19
"Gallo","Hodgson",639,21
"Gallo","Jabour",1788,18
"Gallo","Raptakis",1543,48
"Gallo","Walaska",1640,15
"Gallo","Cote",1707,42
"Gallo","DiPalma",1697,16
"Gallo","Morgan",956,165
"Gallo","Calkin",30,0
"Gallo","Cool.Rumsey",639,2
"Gallo","Mr..President",0,0
"Gallo","Gee",1050,79
"Gallo","Paiva.Weed",0,0
"Gallo","Fogarty",1724,9
"Gallo","Ottiano",1038,8
"Ciccone","Ruggerio",1209,5
"Ciccone","Lynch.Prata",708,6
"Ciccone","Goodwin",1248,5
"Ciccone","Metts",1248,17
"Ciccone","Algiere",1221,50
"Ciccone","Bates",194,5
"Ciccone","Conley",1262,6
"Ciccone","Sosnowski",1249,6
"Ciccone","Seveney",42,0
"Ciccone","Lombardi",1133,5
"Ciccone","Kettle",1128,72
"Ciccone","Sheehan",1089,19
"Ciccone","Doyle",1011,6
"Ciccone","Pearson",1210,8
"Ciccone","Lombardo",1106,4
"Ciccone","Picard",1250,14
"Ciccone","Hodgson",197,7
"Ciccone","Jabour",1273,16
"Ciccone","Raptakis",1051,33
"Ciccone","Walaska",1140,7
"Ciccone","Cote",1254,27
"Ciccone","DiPalma",1258,10
"Ciccone","Morgan",912,164
"Ciccone","Calkin",40,2
"Ciccone","Cool.Rumsey",207,2
"Ciccone","Mr..President",10,0
"Ciccone","Gee",1003,80
"Ciccone","Paiva.Weed",5,0
"Ciccone","Fogarty",1278,8
"Ciccone","Ottiano",547,5
"Ruggerio","Lynch.Prata",735,4
"Ruggerio","Goodwin",1746,3
"Ruggerio","Metts",1748,21
"Ruggerio","Algiere",1704,49
"Ruggerio","Bates",632,12
"Ruggerio","Conley",1760,7
"Ruggerio","Sosnowski",1744,4
"Ruggerio","Seveney",25,0
"Ruggerio","Lombardi",1619,5
"Ruggerio","Kettle",1598,86
"Ruggerio","Sheehan",1519,20
"Ruggerio","Doyle",1497,5
"Ruggerio","Pearson",1690,10
"Ruggerio","Lombardo",1570,8
"Ruggerio","Picard",1741,15
"Ruggerio","Hodgson",621,16
"Ruggerio","Jabour",1763,18
"Ruggerio","Raptakis",1533,44
"Ruggerio","Walaska",1633,10
"Ruggerio","Cote",1695,40
"Ruggerio","DiPalma",1680,11
"Ruggerio","Morgan",952,170
"Ruggerio","Calkin",25,0
"Ruggerio","Cool.Rumsey",611,5
"Ruggerio","Mr..President",0,0
"Ruggerio","Gee",1051,79
"Ruggerio","Paiva.Weed",2,0
"Ruggerio","Fogarty",1707,10
"Ruggerio","Ottiano",1012,7
"Lynch.Prata","Goodwin",712,5
"Lynch.Prata","Metts",724,14
"Lynch.Prata","Algiere",698,46
"Lynch.Prata","Bates",0,0
"Lynch.Prata","Conley",737,3
"Lynch.Prata","Sosnowski",748,6
"Lynch.Prata","Seveney",40,0
"Lynch.Prata","Lombardi",594,0
"Lynch.Prata","Kettle",606,45
"Lynch.Prata","Sheehan",681,15
"Lynch.Prata","Doyle",605,4
"Lynch.Prata","Pearson",724,5
"Lynch.Prata","Lombardo",619,2
"Lynch.Prata","Picard",737,8
"Lynch.Prata","Hodgson",0,0
"Lynch.Prata","Jabour",740,10
"Lynch.Prata","Raptakis",587,24
"Lynch.Prata","Walaska",625,5
"Lynch.Prata","Cote",730,12
"Lynch.Prata","DiPalma",739,8
"Lynch.Prata","Morgan",607,139
"Lynch.Prata","Calkin",38,2
"Lynch.Prata","Cool.Rumsey",0,0
"Lynch.Prata","Mr..President",13,0
"Lynch.Prata","Gee",692,61
"Lynch.Prata","Paiva.Weed",5,0
"Lynch.Prata","Fogarty",751,3
"Lynch.Prata","Ottiano",0,0
"Goodwin","Metts",1789,22
"Goodwin","Algiere",1762,46
"Goodwin","Bates",660,12
"Goodwin","Conley",1824,6
"Goodwin","Sosnowski",1799,0
"Goodwin","Seveney",37,0
"Goodwin","Lombardi",1669,4
"Goodwin","Kettle",1656,83
"Goodwin","Sheehan",1566,19
"Goodwin","Doyle",1519,2
"Goodwin","Pearson",1744,11
"Goodwin","Lombardo",1621,7
"Goodwin","Picard",1798,13
"Goodwin","Hodgson",647,17
"Goodwin","Jabour",1820,17
"Goodwin","Raptakis",1587,43
"Goodwin","Walaska",1672,7
"Goodwin","Cote",1744,38
"Goodwin","DiPalma",1738,8
"Goodwin","Morgan",976,169
"Goodwin","Calkin",35,2
"Goodwin","Cool.Rumsey",643,3
"Goodwin","Mr..President",13,0
"Goodwin","Gee",1078,77
"Goodwin","Paiva.Weed",5,0
"Goodwin","Fogarty",1757,9
"Goodwin","Ottiano",1079,7
"Metts","Algiere",1748,67
"Metts","Bates",638,23
"Metts","Conley",1798,24
"Metts","Sosnowski",1787,20
"Metts","Seveney",41,1
"Metts","Lombardi",1665,26
"Metts","Kettle",1647,105
"Metts","Sheehan",1573,28
"Metts","Doyle",1518,13
"Metts","Pearson",1730,32
"Metts","Lombardo",1615,24
"Metts","Picard",1789,29
"Metts","Hodgson",629,26
"Metts","Jabour",1804,40
"Metts","Raptakis",1577,57
"Metts","Walaska",1656,28
"Metts","Cote",1747,51
"Metts","DiPalma",1725,26
"Metts","Morgan",985,179
"Metts","Calkin",41,1
"Metts","Cool.Rumsey",626,9
"Metts","Mr..President",9,1
"Metts","Gee",1086,87
"Metts","Paiva.Weed",2,0
"Metts","Fogarty",1747,26
"Metts","Ottiano",1054,18
"Algiere","Bates",657,5
"Algiere","Conley",1768,53
"Algiere","Sosnowski",1758,48
"Algiere","Seveney",44,1
"Algiere","Lombardi",1641,39
"Algiere","Kettle",1700,46
"Algiere","Sheehan",1554,41
"Algiere","Doyle",1494,43
"Algiere","Pearson",1737,50
"Algiere","Lombardo",1600,38
"Algiere","Picard",1767,51
"Algiere","Hodgson",642,12
"Algiere","Jabour",1788,56
"Algiere","Raptakis",1593,42
"Algiere","Walaska",1634,42
"Algiere","Cote",1731,59
"Algiere","DiPalma",1698,55
"Algiere","Morgan",1040,124
"Algiere","Calkin",42,3
"Algiere","Cool.Rumsey",627,9
"Algiere","Mr..President",13,0
"Algiere","Gee",1127,45
"Algiere","Paiva.Weed",5,0
"Algiere","Fogarty",1721,52
"Algiere","Ottiano",1066,0
"Bates","Conley",655,14
"Bates","Sosnowski",638,12
"Bates","Seveney",0,0
"Bates","Lombardi",649,14
"Bates","Kettle",655,15
"Bates","Sheehan",492,11
"Bates","Doyle",616,13
"Bates","Pearson",647,8
"Bates","Lombardo",612,13
"Bates","Picard",637,13
"Bates","Hodgson",637,15
"Bates","Jabour",658,14
"Bates","Raptakis",633,12
"Bates","Walaska",631,13
"Bates","Cote",611,12
"Bates","DiPalma",588,13
"Bates","Morgan",0,0
"Bates","Calkin",0,0
"Bates","Cool.Rumsey",619,15
"Bates","Mr..President",0,0
"Bates","Gee",0,0
"Bates","Paiva.Weed",0,0
"Bates","Fogarty",587,13
"Bates","Ottiano",655,5
"Conley","Sosnowski",1805,5
"Conley","Seveney",45,0
"Conley","Lombardi",1677,6
"Conley","Kettle",1659,90
"Conley","Sheehan",1575,22
"Conley","Doyle",1539,4
"Conley","Pearson",1756,13
"Conley","Lombardo",1639,3
"Conley","Picard",1804,18
"Conley","Hodgson",643,19
"Conley","Jabour",1830,19
"Conley","Raptakis",1591,48
"Conley","Walaska",1668,12
"Conley","Cote",1753,42
"Conley","DiPalma",1742,15
"Conley","Morgan",988,171
"Conley","Calkin",43,2
"Conley","Cool.Rumsey",640,3
"Conley","Mr..President",13,0
"Conley","Gee",1088,81
"Conley","Paiva.Weed",5,0
"Conley","Fogarty",1770,7
"Conley","Ottiano",1067,7
"Sosnowski","Seveney",40,0
"Sosnowski","Lombardi",1666,5
"Sosnowski","Kettle",1654,83
"Sosnowski","Sheehan",1588,19
"Sosnowski","Doyle",1519,3
"Sosnowski","Pearson",1742,12
"Sosnowski","Lombardo",1621,6
"Sosnowski","Picard",1817,11
"Sosnowski","Hodgson",625,17
"Sosnowski","Jabour",1817,18
"Sosnowski","Raptakis",1587,42
"Sosnowski","Walaska",1666,7
"Sosnowski","Cote",1745,37
"Sosnowski","DiPalma",1746,8
"Sosnowski","Morgan",995,170
"Sosnowski","Calkin",38,2
"Sosnowski","Cool.Rumsey",623,3
"Sosnowski","Mr..President",13,0
"Sosnowski","Gee",1098,78
"Sosnowski","Paiva.Weed",5,0
"Sosnowski","Fogarty",1756,10
"Sosnowski","Ottiano",1047,7
"Seveney","Lombardi",44,0
"Seveney","Kettle",43,2
"Seveney","Sheehan",41,1
"Seveney","Doyle",28,0
"Seveney","Pearson",45,0
"Seveney","Lombardo",45,0
"Seveney","Picard",45,0
"Seveney","Hodgson",0,0
"Seveney","Jabour",45,0
"Seveney","Raptakis",41,0
"Seveney","Walaska",0,0
"Seveney","Cote",44,0
"Seveney","DiPalma",43,0
"Seveney","Morgan",39,3
"Seveney","Calkin",43,2
"Seveney","Cool.Rumsey",0,0
"Seveney","Mr..President",13,0
"Seveney","Gee",42,2
"Seveney","Paiva.Weed",5,0
"Seveney","Fogarty",45,0
"Seveney","Ottiano",0,0
"Lombardi","Kettle",1630,80
"Lombardi","Sheehan",1450,23
"Lombardi","Doyle",1397,5
"Lombardi","Pearson",1618,11
"Lombardi","Lombardo",1616,9
"Lombardi","Picard",1664,18
"Lombardi","Hodgson",638,19
"Lombardi","Jabour",1696,16
"Lombardi","Raptakis",1469,37
"Lombardi","Walaska",1611,11
"Lombardi","Cote",1626,40
"Lombardi","DiPalma",1601,13
"Lombardi","Morgan",898,129
"Lombardi","Calkin",42,2
"Lombardi","Cool.Rumsey",632,5
"Lombardi","Mr..President",13,0
"Lombardi","Gee",977,58
"Lombardi","Paiva.Weed",5,0
"Lombardi","Fogarty",1629,8
"Lombardi","Ottiano",1072,10
"Kettle","Sheehan",1457,78
"Kettle","Doyle",1386,71
"Kettle","Pearson",1613,81
"Kettle","Lombardo",1586,79
"Kettle","Picard",1664,83
"Kettle","Hodgson",642,20
"Kettle","Jabour",1686,92
"Kettle","Raptakis",1506,62
"Kettle","Walaska",1603,80
"Kettle","Cote",1654,71
"Kettle","DiPalma",1595,85
"Kettle","Morgan",1002,82
"Kettle","Calkin",41,4
"Kettle","Cool.Rumsey",620,24
"Kettle","Mr..President",13,0
"Kettle","Gee",1065,29
"Kettle","Paiva.Weed",5,0
"Kettle","Fogarty",1625,77
"Kettle","Ottiano",1055,34
"Sheehan","Doyle",1322,16
"Sheehan","Pearson",1549,24
"Sheehan","Lombardo",1452,16
"Sheehan","Picard",1600,16
"Sheehan","Hodgson",491,12
"Sheehan","Jabour",1596,27
"Sheehan","Raptakis",1389,28
"Sheehan","Walaska",1467,22
"Sheehan","Cote",1567,32
"Sheehan","DiPalma",1509,25
"Sheehan","Morgan",939,159
"Sheehan","Calkin",41,1
"Sheehan","Cool.Rumsey",496,10
"Sheehan","Mr..President",10,1
"Sheehan","Gee",1037,73
"Sheehan","Paiva.Weed",4,1
"Sheehan","Fogarty",1555,25
"Sheehan","Ottiano",895,6
"Doyle","Pearson",1494,10
"Doyle","Lombardo",1350,6
"Doyle","Picard",1520,11
"Doyle","Hodgson",597,18
"Doyle","Jabour",1540,17
"Doyle","Raptakis",1387,39
"Doyle","Walaska",1411,7
"Doyle","Cote",1502,32
"Doyle","DiPalma",1467,7
"Doyle","Morgan",774,142
"Doyle","Calkin",28,0
"Doyle","Cool.Rumsey",620,4
"Doyle","Mr..President",10,0
"Doyle","Gee",859,66
"Doyle","Paiva.Weed",2,0
"Doyle","Fogarty",1506,7
"Doyle","Ottiano",929,8
"Pearson","Lombardo",1581,13
"Pearson","Picard",1751,15
"Pearson","Hodgson",628,19
"Pearson","Jabour",1767,24
"Pearson","Raptakis",1530,48
"Pearson","Walaska",1613,11
"Pearson","Cote",1703,34
"Pearson","DiPalma",1679,20
"Pearson","Morgan",958,159
"Pearson","Calkin",43,2
"Pearson","Cool.Rumsey",620,9
"Pearson","Mr..President",13,0
"Pearson","Gee",1052,76
"Pearson","Paiva.Weed",5,0
"Pearson","Fogarty",1706,13
"Pearson","Ottiano",1034,8
"Lombardo","Picard",1622,15
"Lombardo","Hodgson",603,16
"Lombardo","Jabour",1653,15
"Lombardo","Raptakis",1426,36
"Lombardo","Walaska",1562,10
"Lombardo","Cote",1585,31
"Lombardo","DiPalma",1554,15
"Lombardo","Morgan",894,126
"Lombardo","Calkin",43,2
"Lombardo","Cool.Rumsey",594,5
"Lombardo","Mr..President",13,0
"Lombardo","Gee",973,57
"Lombardo","Paiva.Weed",5,0
"Lombardo","Fogarty",1582,10
"Lombardo","Ottiano",1005,6
"Picard","Hodgson",628,16
"Picard","Jabour",1820,27
"Picard","Raptakis",1589,40
"Picard","Walaska",1661,17
"Picard","Cote",1763,30
"Picard","DiPalma",1734,21
"Picard","Morgan",1008,169
"Picard","Calkin",43,2
"Picard","Cool.Rumsey",615,9
"Picard","Mr..President",13,0
"Picard","Gee",1110,77
"Picard","Paiva.Weed",5,0
"Picard","Fogarty",1755,20
"Picard","Ottiano",1058,11
"Hodgson","Jabour",644,19
"Hodgson","Raptakis",618,17
"Hodgson","Walaska",619,17
"Hodgson","Cote",604,14
"Hodgson","DiPalma",581,15
"Hodgson","Morgan",0,0
"Hodgson","Calkin",0,0
"Hodgson","Cool.Rumsey",607,20
"Hodgson","Mr..President",0,0
"Hodgson","Gee",0,0
"Hodgson","Paiva.Weed",0,0
"Hodgson","Fogarty",574,17
"Hodgson","Ottiano",645,12
"Jabour","Raptakis",1607,47
"Jabour","Walaska",1682,24
"Jabour","Cote",1772,46
"Jabour","DiPalma",1754,26
"Jabour","Morgan",1016,166
"Jabour","Calkin",43,2
"Jabour","Cool.Rumsey",640,5
"Jabour","Mr..President",13,0
"Jabour","Gee",1108,84
"Jabour","Paiva.Weed",5,0
"Jabour","Fogarty",1780,22
"Jabour","Ottiano",1074,15
"Raptakis","Walaska",1465,38
"Raptakis","Cote",1568,35
"Raptakis","DiPalma",1542,42
"Raptakis","Morgan",871,123
"Raptakis","Calkin",41,0
"Raptakis","Cool.Rumsey",600,17
"Raptakis","Mr..President",10,0
"Raptakis","Gee",943,59
"Raptakis","Paiva.Weed",2,0
"Raptakis","Fogarty",1540,44
"Raptakis","Ottiano",994,16
"Walaska","Cote",1621,37
"Walaska","DiPalma",1604,13
"Walaska","Morgan",907,136
"Walaska","Calkin",0,0
"Walaska","Cool.Rumsey",615,6
"Walaska","Mr..President",0,0
"Walaska","Gee",990,62
"Walaska","Paiva.Weed",0,0
"Walaska","Fogarty",1627,12
"Walaska","Ottiano",1039,8
"Cote","DiPalma",1697,35
"Cote","Morgan",1021,155
"Cote","Calkin",42,2
"Cote","Cool.Rumsey",604,23
"Cote","Mr..President",13,0
"Cote","Gee",1113,72
"Cote","Paiva.Weed",5,0
"Cote","Fogarty",1736,43
"Cote","Ottiano",1021,24
"DiPalma","Morgan",988,173
"DiPalma","Calkin",41,2
"DiPalma","Cool.Rumsey",567,7
"DiPalma","Mr..President",13,0
"DiPalma","Gee",1091,80
"DiPalma","Paiva.Weed",3,0
"DiPalma","Fogarty",1695,16
"DiPalma","Ottiano",992,12
"Morgan","Calkin",37,5
"Morgan","Cool.Rumsey",0,0
"Morgan","Mr..President",9,1
"Morgan","Gee",1082,101
"Morgan","Paiva.Weed",5,0
"Morgan","Fogarty",1018,165
"Morgan","Ottiano",385,28
"Calkin","Cool.Rumsey",0,0
"Calkin","Mr..President",11,2
"Calkin","Gee",40,4
"Calkin","Paiva.Weed",3,2
"Calkin","Fogarty",43,2
"Calkin","Ottiano",0,0
"Cool.Rumsey","Mr..President",0,0
"Cool.Rumsey","Gee",0,0
"Cool.Rumsey","Paiva.Weed",0,0
"Cool.Rumsey","Fogarty",600,4
"Cool.Rumsey","Ottiano",632,8
"Mr..President","Gee",12,0
"Mr..President","Paiva.Weed",3,0
"Mr..President","Fogarty",13,0
"Mr..President","Ottiano",0,0
"Gee","Paiva.Weed",5,0
"Gee","Fogarty",1111,81
"Gee","Ottiano",397,20
"Paiva.Weed","Fogarty",5,0
"Paiva.Weed","Ottiano",0,0
"Fogarty","Ottiano",1009,10
